Date,GLD,GDX,SLV
2006-12-29,63.21,39.91,12.86
2007-01-03,62.28,38.43,12.56
2007-01-04,61.65,37.72,12.58
2007-01-05,60.17,37.21,12.18
2007-01-08,60.48,37.3,12.22
2007-01-09,60.85,37.05,12.42
2007-01-10,60.59,36.61,12.37
2007-01-11,60.63,36.93,12.29
2007-01-12,62.17,37.9,12.78
2007-01-16,61.97,37.52,12.54
2007-01-17,62.64,37.7,12.74
2007-01-18,62.26,36.97,12.6
2007-01-19,63.0,37.53,12.8
2007-01-22,62.72,37.27,12.87
2007-01-23,64.23,39.1,13.25
2007-01-24,64.33,39.56,13.2
2007-01-25,64.06,39.11,13.25
2007-01-26,64.1,39.2,13.36
2007-01-29,63.77,38.55,13.13
2007-01-30,64.22,38.97,13.33
2007-01-31,64.83,39.6,13.52
2007-02-01,65.22,39.85,13.6
2007-02-02,64.28,39.32,13.39
2007-02-05,64.31,39.48,13.44
2007-02-06,64.79,39.73,13.61
2007-02-07,64.63,39.31,13.59
2007-02-08,65.52,40.26,13.75
2007-02-09,66.12,40.11,13.81
2007-02-12,65.67,39.61,13.6
2007-02-13,65.84,40.23,13.8
2007-02-14,66.37,40.89,14.02
2007-02-15,66.41,41.2,13.95
2007-02-16,66.36,40.94,13.9
2007-02-20,65.31,40.08,13.79
2007-02-21,67.28,41.57,14.18
2007-02-22,67.15,41.8,14.18
2007-02-23,67.72,41.83,14.53
2007-02-26,68.1,42.35,14.7
2007-02-27,65.41,39.35,14.04
2007-02-28,66.48,39.9,14.12
2007-03-01,65.82,39.15,13.54
2007-03-02,63.71,37.68,12.88
2007-03-05,62.93,36.92,12.55
2007-03-06,64.15,38.08,12.9
2007-03-07,64.3,38.09,12.9
2007-03-08,64.48,38.35,12.92
2007-03-09,64.25,38.03,12.86
2007-03-12,64.37,38.65,12.95
2007-03-13,63.72,37.15,12.69
2007-03-14,63.94,37.36,12.8
2007-03-15,63.98,38.24,12.93
2007-03-16,64.62,38.36,13.09
2007-03-19,64.74,38.85,13.1
2007-03-20,65.27,39.22,13.26
2007-03-21,65.82,40.11,13.32
2007-03-22,65.76,39.97,13.39
2007-03-23,65.15,39.83,13.12
2007-03-26,65.84,40.14,13.33
2007-03-27,65.7,39.45,13.19
2007-03-28,66.05,39.64,13.33
2007-03-29,65.65,39.45,13.25
2007-03-30,65.74,39.57,13.35
2007-04-02,65.85,40.15,13.24
2007-04-03,65.83,40.48,13.34
2007-04-04,66.81,41.19,13.58
2007-04-05,66.86,41.17,13.66
2007-04-09,66.53,41.05,13.7
2007-04-10,67.16,41.38,13.85
2007-04-11,67.08,41.1,13.77
2007-04-12,66.99,41.28,13.81
2007-04-13,67.84,42.35,13.99
2007-04-16,68.4,42.88,13.98
2007-04-17,68.0,42.29,13.84
2007-04-18,68.38,42.09,13.88
2007-04-19,67.53,41.07,13.56
2007-04-20,68.7,41.47,13.87
2007-04-23,68.26,41.09,13.93
2007-04-24,67.73,40.55,13.71
2007-04-25,67.89,41.01,13.75
2007-04-26,66.87,40.06,13.26
2007-04-27,67.56,40.34,13.49
2007-04-30,67.09,39.56,13.34
2007-05-01,66.69,39.3,13.19
2007-05-02,66.66,40.36,13.17
2007-05-03,67.49,40.71,13.32
2007-05-04,68.19,40.71,13.38
2007-05-07,68.25,40.98,13.46
2007-05-08,67.88,40.75,13.4
2007-05-09,67.45,40.6,13.32
2007-05-10,66.0,39.48,12.95
2007-05-11,66.45,39.92,13.15
2007-05-14,66.28,39.16,13.05
2007-05-15,66.54,39.07,13.12
2007-05-16,65.6,38.44,12.86
2007-05-17,65.06,38.26,12.77
2007-05-18,65.52,39.01,12.9
2007-05-21,65.67,39.47,13.0
2007-05-22,65.22,38.86,12.89
2007-05-23,65.54,39.32,12.95
2007-05-24,64.75,38.09,12.77
2007-05-25,64.94,38.26,12.88
2007-05-29,65.07,37.95,13.1
2007-05-30,64.72,37.99,13.1
2007-05-31,65.54,39.16,13.38
2007-06-01,66.44,40.06,13.64
2007-06-04,66.54,40.05,13.65
2007-06-05,66.37,39.73,13.7
2007-06-06,66.41,39.33,13.64
2007-06-07,65.26,38.01,13.36
2007-06-08,64.22,38.29,13.03
2007-06-11,64.7,38.23,13.15
2007-06-12,64.1,37.43,12.93
2007-06-13,64.53,37.99,13.06
2007-06-14,64.6,38.38,13.07
2007-06-15,64.85,39.09,13.16
2007-06-18,64.95,38.98,13.16
2007-06-19,65.48,39.47,13.26
2007-06-20,64.71,38.69,13.08
2007-06-21,64.56,39.15,13.01
2007-06-22,64.78,38.79,13.01
2007-06-25,64.43,37.85,12.82
2007-06-26,63.62,37.1,12.14
2007-06-27,63.67,37.4,12.21
2007-06-28,64.26,37.63,12.4
2007-06-29,64.27,37.89,12.35
2007-07-02,65.02,38.84,12.59
2007-07-03,64.74,38.73,12.53
2007-07-05,64.42,39.25,12.46
2007-07-06,64.96,40.53,12.68
2007-07-09,65.38,40.88,12.68
2007-07-10,65.61,40.66,12.87
2007-07-11,65.44,40.66,12.84
2007-07-12,66.02,41.28,13.0
2007-07-13,66.03,41.31,12.96
2007-07-16,65.82,41.06,12.89
2007-07-17,65.75,40.82,12.82
2007-07-18,66.62,42.48,13.12
2007-07-19,67.01,43.09,13.17
2007-07-20,67.58,43.04,13.23
2007-07-23,67.47,42.99,13.22
2007-07-24,67.47,42.4,13.2
2007-07-25,66.9,41.72,13.03
2007-07-26,65.65,40.3,12.7
2007-07-27,65.41,39.02,12.62
2007-07-30,65.77,40.1,12.79
2007-07-31,65.79,39.94,12.8
2007-08-01,65.93,39.48,12.89
2007-08-02,65.89,39.81,12.9
2007-08-03,66.69,39.48,13.03
2007-08-06,66.52,38.74,12.88
2007-08-07,66.48,38.58,13.03
2007-08-08,66.77,40.13,13.05
2007-08-09,65.46,39.45,12.59
2007-08-10,66.57,39.85,12.76
2007-08-13,66.26,39.13,12.71
2007-08-14,66.29,38.05,12.62
2007-08-15,66.13,36.45,12.38
2007-08-16,64.68,34.49,11.78
2007-08-17,65.01,35.22,11.66
2007-08-20,65.12,35.8,11.73
2007-08-21,65.07,35.75,11.51
2007-08-22,65.4,36.88,11.57
2007-08-23,65.31,36.35,11.62
2007-08-24,66.11,37.13,11.9
2007-08-27,65.98,36.63,11.69
2007-08-28,65.59,35.71,11.64
2007-08-29,66.07,36.96,11.82
2007-08-30,65.8,36.51,11.7
2007-08-31,66.52,37.65,12.0
2007-09-04,67.44,38.66,12.19
2007-09-05,67.56,38.48,12.15
2007-09-06,68.86,40.95,12.36
2007-09-07,69.39,41.17,12.44
2007-09-10,69.62,40.94,12.48
2007-09-11,70.52,42.05,12.64
2007-09-12,70.46,42.19,12.57
2007-09-13,70.08,42.21,12.47
2007-09-14,69.99,42.17,12.48
2007-09-17,70.97,42.15,12.71
2007-09-18,71.7,43.6,12.87
2007-09-19,71.43,44.03,12.87
2007-09-20,72.72,45.82,13.32
2007-09-21,72.34,45.48,13.42
2007-09-24,72.28,45.1,13.43
2007-09-25,72.33,44.59,13.37
2007-09-26,72.0,43.85,13.33
2007-09-27,72.7,44.33,13.42
2007-09-28,73.51,45.35,13.66
2007-10-01,73.9,45.82,13.65
2007-10-02,72.35,43.8,13.23
2007-10-03,71.9,43.58,13.22
2007-10-04,72.87,44.37,13.28
2007-10-05,73.4,45.59,13.3
2007-10-08,72.53,44.62,13.19
2007-10-09,73.09,45.79,13.4
2007-10-10,73.36,46.68,13.49
2007-10-11,73.91,46.8,13.64
2007-10-12,74.59,47.79,13.74
2007-10-15,75.14,48.02,13.69
2007-10-16,75.12,47.29,13.5
2007-10-17,74.5,46.46,13.52
2007-10-18,76.0,47.4,13.7
2007-10-19,75.7,46.8,13.45
2007-10-22,74.6,45.53,13.35
2007-10-23,75.23,46.62,13.46
2007-10-24,75.52,47.0,13.48
2007-10-25,76.03,47.45,13.76
2007-10-26,77.69,48.4,14.13
2007-10-29,78.12,49.84,14.39
2007-10-30,77.35,48.82,14.11
2007-10-31,78.62,50.6,14.36
2007-11-01,77.93,48.82,14.0
2007-11-02,79.83,50.71,14.53
2007-11-05,79.75,50.44,14.62
2007-11-06,81.43,52.25,15.38
2007-11-07,82.24,51.53,15.17
2007-11-08,82.23,51.4,15.33
2007-11-09,82.18,50.31,15.29
2007-11-12,78.3,46.69,14.32
2007-11-13,79.12,47.58,14.46
2007-11-14,80.28,48.7,14.87
2007-11-15,77.95,46.44,14.34
2007-11-16,77.75,46.95,14.34
2007-11-19,77.24,45.45,14.07
2007-11-20,79.47,47.93,14.66
2007-11-21,79.36,46.82,14.34
2007-11-23,81.25,48.85,14.66
2007-11-26,81.3,47.06,14.63
2007-11-27,80.1,46.61,14.34
2007-11-28,79.57,47.86,14.3
2007-11-29,78.28,47.02,14.1
2007-11-30,77.32,46.36,13.9
2007-12-03,78.28,46.82,14.01
2007-12-04,79.4,46.2,14.21
2007-12-05,78.63,45.92,14.13
2007-12-06,79.37,46.78,14.38
2007-12-07,78.6,46.4,14.28
2007-12-10,80.0,47.34,14.56
2007-12-11,78.84,45.93,14.35
2007-12-12,80.49,46.7,14.55
2007-12-13,78.5,45.05,14.01
2007-12-14,78.52,44.31,13.74
2007-12-17,78.13,42.55,13.71
2007-12-18,79.25,43.42,13.9
2007-12-19,79.24,43.05,13.98
2007-12-20,78.67,42.87,14.09
2007-12-21,80.1,45.0,14.22
2007-12-24,80.14,44.33,14.46
2007-12-26,81.52,45.68,14.6
2007-12-27,81.56,45.38,14.53
2007-12-28,83.0,46.63,14.65
2007-12-31,82.46,45.83,14.7
2008-01-02,84.86,49.24,15.18
2008-01-03,85.57,50.74,15.28
2008-01-04,85.13,49.9,15.17
2008-01-07,84.77,49.06,15.05
2008-01-08,86.78,50.8,15.59
2008-01-09,86.55,51.13,15.52
2008-01-10,88.25,52.02,16.06
2008-01-11,88.58,52.42,16.08
2008-01-14,89.54,53.2,16.28
2008-01-15,87.99,51.21,15.88
2008-01-16,86.7,49.13,15.65
2008-01-17,86.5,47.94,15.72
2008-01-18,87.42,48.34,16.03
2008-01-22,88.17,49.5,15.9
2008-01-23,87.89,48.19,15.9
2008-01-24,90.08,50.35,16.3
2008-01-25,90.3,50.42,16.3
2008-01-28,91.75,51.21,16.55
2008-01-29,91.15,50.7,16.53
2008-01-30,92.06,51.05,16.68
2008-01-31,91.4,50.35,16.82
2008-02-01,89.35,49.15,16.62
2008-02-04,89.1,48.15,16.52
2008-02-05,87.68,46.75,16.17
2008-02-06,88.95,46.9,16.38
2008-02-07,89.85,46.86,16.67
2008-02-08,91.0,48.54,17.03
2008-02-11,91.33,48.65,17.4
2008-02-12,89.33,46.89,17.03
2008-02-13,89.44,47.76,17.13
2008-02-14,89.71,47.49,17.09
2008-02-15,89.15,47.75,16.95
2008-02-19,91.58,49.6,17.38
2008-02-20,93.24,50.95,17.7
2008-02-21,93.25,50.79,17.7
2008-02-22,93.39,50.88,17.92
2008-02-25,92.74,50.94,17.99
2008-02-26,93.71,52.03,18.6
2008-02-27,94.78,53.16,19.13
2008-02-28,95.99,54.38,19.67
2008-02-29,96.18,53.12,19.67
2008-03-03,97.24,54.62,20.16
2008-03-04,95.18,52.75,19.62
2008-03-05,97.72,54.69,20.62
2008-03-06,96.5,54.78,20.08
2008-03-07,96.09,53.45,20.04
2008-03-10,95.87,51.42,19.48
2008-03-11,95.99,53.56,19.52
2008-03-12,97.01,53.68,19.97
2008-03-13,98.34,55.63,20.41
2008-03-14,98.71,56.25,20.42
2008-03-17,99.17,54.97,19.98
2008-03-18,96.5,52.39,19.38
2008-03-19,93.04,49.24,18.25
2008-03-20,89.91,47.69,16.7
2008-03-24,90.1,46.93,16.79
2008-03-25,92.73,49.04,17.78
2008-03-26,93.8,49.95,18.22
2008-03-27,93.46,49.22,18.32
2008-03-28,91.88,49.08,17.75
2008-03-31,90.41,47.7,17.08
2008-04-01,86.86,46.3,16.6
2008-04-02,89.27,48.34,17.25
2008-04-03,89.42,48.54,17.23
2008-04-04,90.25,48.95,17.62
2008-04-07,91.17,49.11,17.95
2008-04-08,90.35,48.49,17.51
2008-04-09,92.29,49.28,18.02
2008-04-10,91.77,49.31,17.81
2008-04-11,91.3,48.29,17.58
2008-04-14,91.11,48.4,17.52
2008-04-15,91.66,49.01,17.68
2008-04-16,93.27,51.4,18.15
2008-04-17,92.56,50.85,18.01
2008-04-18,90.62,49.37,17.67
2008-04-21,90.25,48.5,17.27
2008-04-22,90.27,48.05,17.48
2008-04-23,89.22,46.1,17.0
2008-04-24,87.22,44.29,16.55
2008-04-25,87.27,44.85,16.68
2008-04-28,87.69,44.59,16.84
2008-04-29,85.81,42.38,16.38
2008-04-30,86.65,43.56,16.72
2008-05-01,83.99,42.66,15.99
2008-05-02,84.58,43.18,16.26
2008-05-05,86.27,44.15,16.57
2008-05-06,86.63,44.75,16.73
2008-05-07,85.82,44.49,16.5
2008-05-08,87.24,46.04,16.7
2008-05-09,87.42,46.1,16.66
2008-05-12,86.99,45.98,17.0
2008-05-13,85.39,45.35,16.55
2008-05-14,85.2,44.68,16.37
2008-05-15,87.0,46.21,16.55
2008-05-16,89.1,47.4,16.75
2008-05-19,89.39,47.62,16.82
2008-05-20,90.9,48.72,17.5
2008-05-21,91.96,48.63,17.86
2008-05-22,90.98,48.0,17.78
2008-05-23,91.23,47.75,18.02
2008-05-27,89.36,46.41,17.26
2008-05-28,89.14,46.96,17.26
2008-05-29,86.51,45.25,16.48
2008-05-30,87.45,46.04,16.67
2008-06-02,87.96,46.35,16.64
2008-06-03,86.88,45.41,16.59
2008-06-04,86.65,44.68,16.64
2008-06-05,86.45,45.75,16.97
2008-06-06,89.06,46.69,17.4
2008-06-09,87.99,46.67,16.94
2008-06-10,85.55,44.21,16.44
2008-06-11,87.02,44.11,16.7
2008-06-12,85.6,43.05,16.35
2008-06-13,85.83,43.01,16.33
2008-06-16,87.01,43.69,16.95
2008-06-17,87.25,44.04,16.9
2008-06-18,88.28,44.28,17.19
2008-06-19,88.42,44.05,17.15
2008-06-20,88.95,43.87,17.2
2008-06-23,87.09,44.28,16.63
2008-06-24,87.47,44.06,16.49
2008-06-25,87.42,43.88,16.63
2008-06-26,90.86,46.42,17.02
2008-06-27,91.47,48.47,17.33
2008-06-30,91.4,48.52,17.26
2008-07-01,92.66,49.48,17.9
2008-07-02,93.17,48.14,18.22
2008-07-03,92.06,47.43,18.0
2008-07-07,91.23,46.29,17.6
2008-07-08,90.86,45.55,17.66
2008-07-09,91.5,45.75,17.95
2008-07-10,93.53,46.67,18.12
2008-07-11,95.16,48.71,18.64
2008-07-14,95.91,50.84,18.94
2008-07-15,96.17,49.54,18.7
2008-07-16,94.44,48.53,18.54
2008-07-17,94.22,47.79,18.32
2008-07-18,94.17,47.52,17.97
2008-07-21,95.12,48.69,18.23
2008-07-22,93.06,46.9,17.76
2008-07-23,90.57,44.58,17.19
2008-07-24,91.33,44.01,17.26
2008-07-25,91.69,44.3,17.25
2008-07-28,91.73,44.58,17.36
2008-07-29,90.59,43.67,17.19
2008-07-30,89.52,43.34,17.36
2008-07-31,90.08,43.48,17.53
2008-08-01,89.57,42.36,17.28
2008-08-04,88.14,40.82,16.74
2008-08-05,86.08,38.6,16.22
2008-08-06,86.64,39.23,16.37
2008-08-07,86.09,38.92,16.07
2008-08-08,84.43,36.45,15.19
2008-08-11,81.13,34.54,14.4
2008-08-12,80.52,35.48,14.4
2008-08-13,81.56,37.39,14.79
2008-08-14,79.35,35.88,14.06
2008-08-15,77.63,34.59,12.7
2008-08-18,78.8,35.11,12.93
2008-08-19,80.43,36.11,13.09
2008-08-20,80.06,36.03,13.18
2008-08-21,82.3,38.28,13.69
2008-08-22,81.08,37.5,13.26
2008-08-25,80.93,36.95,13.33
2008-08-26,81.23,36.93,13.45
2008-08-27,81.36,37.8,13.35
2008-08-28,82.18,37.95,13.55
2008-08-29,81.71,37.55,13.37
2008-09-02,79.2,35.25,12.94
2008-09-03,78.89,33.57,12.75
2008-09-04,78.39,32.18,12.63
2008-09-05,78.98,32.65,12.03
2008-09-08,78.86,30.94,11.95
2008-09-09,76.49,28.1,11.18
2008-09-10,74.22,29.08,10.6
2008-09-11,73.08,28.2,10.32
2008-09-12,75.55,31.25,10.75
2008-09-15,77.56,30.33,10.95
2008-09-16,76.79,30.55,10.4
2008-09-17,85.5,34.1,11.9
2008-09-18,82.8,34.2,11.89
2008-09-19,85.98,35.2,12.46
2008-09-22,89.18,38.09,13.35
2008-09-23,88.32,37.18,13.18
2008-09-24,86.71,37.39,13.09
2008-09-25,86.45,36.4,13.03
2008-09-26,86.64,35.83,13.15
2008-09-29,89.57,34.0,12.95
2008-09-30,85.07,33.79,11.85
2008-10-01,85.97,33.77,12.33
2008-10-02,82.33,28.95,10.8
2008-10-03,82.59,29.05,10.99
2008-10-06,84.28,27.9,10.75
2008-10-07,87.27,27.38,11.38
2008-10-08,89.42,31.26,11.51
2008-10-09,89.9,30.25,11.95
2008-10-10,83.22,26.34,9.8
2008-10-13,81.99,26.8,10.59
2008-10-14,82.2,27.39,10.86
2008-10-15,83.31,24.36,10.27
2008-10-16,79.29,22.2,9.6
2008-10-17,77.21,21.69,9.23
2008-10-20,78.5,24.19,9.77
2008-10-21,76.03,21.89,9.98
2008-10-22,71.71,18.49,9.45
2008-10-23,70.65,17.41,9.38
2008-10-24,72.21,17.8,9.13
2008-10-27,72.18,16.37,8.85
2008-10-28,73.79,18.69,9.05
2008-10-29,74.0,20.86,9.67
2008-10-30,72.71,21.7,9.68
2008-10-31,71.34,20.95,9.58
2008-11-03,71.1,21.01,9.62
2008-11-04,75.48,23.9,10.12
2008-11-05,72.8,23.5,10.21
2008-11-06,72.22,21.93,9.9
2008-11-07,72.5,21.75,9.94
2008-11-10,73.58,23.15,10.06
2008-11-11,72.05,21.64,9.64
2008-11-12,70.0,19.4,9.17
2008-11-13,72.15,21.66,9.3
2008-11-14,73.3,20.55,9.36
2008-11-17,72.65,19.66,9.18
2008-11-18,72.51,19.56,9.48
2008-11-19,72.26,18.61,9.1
2008-11-20,73.45,18.2,8.86
2008-11-21,78.85,23.03,9.52
2008-11-24,80.91,24.63,10.43
2008-11-25,80.87,25.69,10.19
2008-11-26,80.38,26.11,10.19
2008-11-28,80.31,26.57,10.23
2008-12-01,75.65,22.5,9.18
2008-12-02,76.95,24.69,9.49
2008-12-03,76.18,24.06,9.51
2008-12-04,75.5,23.42,9.38
2008-12-05,74.52,23.23,9.4
2008-12-08,76.2,25.26,9.89
2008-12-09,76.33,25.41,9.7
2008-12-10,79.75,28.13,10.12
2008-12-11,80.65,28.02,10.2
2008-12-12,80.81,28.67,10.14
2008-12-15,82.6,30.34,10.55
2008-12-16,84.46,32.34,11.03
2008-12-17,85.25,32.8,11.29
2008-12-18,83.87,29.84,10.84
2008-12-19,82.63,30.58,10.67
2008-12-22,83.46,29.83,10.73
2008-12-23,82.63,30.74,10.16
2008-12-24,83.46,30.59,10.28
2008-12-26,85.6,32.25,10.64
2008-12-29,86.35,33.03,10.77
2008-12-30,85.9,33.0,10.82
2008-12-31,86.52,33.88,11.2
2009-01-02,86.23,33.32,11.41
2009-01-05,84.48,31.74,11.11
2009-01-06,85.13,32.61,11.34
2009-01-07,82.75,30.05,10.86
2009-01-08,84.46,31.79,10.99
2009-01-09,83.92,31.31,11.1
2009-01-12,80.76,28.95,10.5
2009-01-13,80.88,29.52,10.6
2009-01-14,79.79,28.2,10.45
2009-01-15,80.39,29.13,10.49
2009-01-16,82.71,30.93,11.11
2009-01-20,84.52,30.88,11.09
2009-01-21,84.15,31.65,11.18
2009-01-22,84.58,31.46,11.33
2009-01-23,88.53,34.14,11.85
2009-01-26,88.95,33.97,11.9
2009-01-27,88.38,33.47,11.85
2009-01-28,87.42,32.73,11.86
2009-01-29,89.5,34.4,12.26
2009-01-30,91.31,34.23,12.52
2009-02-02,88.84,32.9,12.21
2009-02-03,88.47,33.36,12.32
2009-02-04,89.18,34.06,12.42
2009-02-05,90.12,34.7,12.75
2009-02-06,89.59,35.42,12.91
2009-02-09,88.32,34.37,12.72
2009-02-10,90.21,34.0,12.98
2009-02-11,92.29,36.33,13.34
2009-02-12,93.17,36.48,13.33
2009-02-13,92.55,35.68,13.54
2009-02-17,95.45,37.0,13.99
2009-02-18,96.91,37.37,14.17
2009-02-19,95.77,35.64,13.89
2009-02-20,97.8,37.03,14.25
2009-02-23,97.73,36.47,14.34
2009-02-24,94.73,33.5,13.61
2009-02-25,93.15,32.9,13.49
2009-02-26,93.06,33.5,12.97
2009-02-27,92.63,33.36,12.88
2009-03-02,90.93,31.09,12.77
2009-03-03,90.04,31.68,12.65
2009-03-04,88.99,31.4,12.78
2009-03-05,91.99,33.02,13.15
2009-03-06,92.29,32.88,13.18
2009-03-09,90.57,31.55,12.77
2009-03-10,88.14,29.67,12.45
2009-03-11,89.22,31.34,12.59
2009-03-12,91.1,32.68,12.79
2009-03-13,91.3,33.08,13.05
2009-03-16,90.8,32.56,12.79
2009-03-17,90.04,31.85,12.6
2009-03-18,93.09,35.07,12.77
2009-03-19,94.35,37.46,13.42
2009-03-20,93.59,37.55,13.61
2009-03-23,92.08,37.71,13.46
2009-03-24,90.95,36.86,13.25
2009-03-25,91.98,38.47,13.35
2009-03-26,91.93,38.57,13.35
2009-03-27,90.69,37.0,13.15
2009-03-30,89.98,36.4,12.85
2009-03-31,90.28,36.88,12.79
2009-04-01,91.03,38.6,12.84
2009-04-02,88.8,37.1,12.77
2009-04-03,87.59,34.87,12.6
2009-04-06,85.27,33.2,11.94
2009-04-07,86.74,33.43,12.07
2009-04-08,86.61,33.53,12.14
2009-04-09,86.31,33.04,12.17
2009-04-13,87.88,33.77,12.57
2009-04-14,87.37,33.69,12.54
2009-04-15,87.5,33.89,12.55
2009-04-16,85.81,32.28,12.06
2009-04-17,85.22,30.97,11.68
2009-04-20,86.95,32.19,11.89
2009-04-21,86.89,31.4,11.86
2009-04-22,87.38,31.6,12.13
2009-04-23,88.8,32.74,12.54
2009-04-24,89.72,34.65,12.67
2009-04-27,89.01,34.37,12.66
2009-04-28,87.75,33.11,12.3
2009-04-29,88.33,33.89,12.55
2009-04-30,87.27,32.91,12.21
2009-05-01,86.95,33.04,12.31
2009-05-04,88.64,35.03,12.83
2009-05-05,88.25,34.78,13.14
2009-05-06,89.54,36.86,13.52
2009-05-07,89.44,36.55,13.6
2009-05-08,89.98,37.46,13.79
2009-05-11,89.69,37.31,13.74
2009-05-12,90.7,38.96,14.02
2009-05-13,91.09,37.94,13.81
2009-05-14,91.03,38.05,13.85
2009-05-15,91.55,37.65,13.77
2009-05-18,90.36,37.49,13.58
2009-05-19,90.96,38.43,13.98
2009-05-20,92.25,40.47,14.1
2009-05-21,93.85,41.24,14.34
2009-05-22,94.15,42.05,14.5
2009-05-26,93.76,41.84,14.42
2009-05-27,93.45,41.22,14.58
2009-05-28,94.24,43.01,14.93
2009-05-29,96.2,44.16,15.47
2009-06-01,95.73,43.41,15.35
2009-06-02,96.36,44.55,15.75
2009-06-03,94.41,42.16,15.14
2009-06-04,96.23,43.51,15.63
2009-06-05,93.71,41.33,15.01
2009-06-08,93.56,41.3,14.76
2009-06-09,93.83,41.09,15.03
2009-06-10,93.86,40.8,15.01
2009-06-11,93.7,40.92,15.13
2009-06-12,92.17,39.54,14.63
2009-06-15,91.1,37.97,13.83
2009-06-16,91.93,38.37,13.99
2009-06-17,92.35,38.23,14.12
2009-06-18,91.61,37.2,13.97
2009-06-19,91.9,38.39,13.99
2009-06-22,90.54,35.74,13.54
2009-06-23,90.92,37.33,13.62
2009-06-24,91.45,38.49,13.68
2009-06-25,92.31,39.99,13.81
2009-06-26,92.29,39.2,13.9
2009-06-29,92.04,39.15,13.66
2009-06-30,91.18,37.82,13.38
2009-07-01,92.39,39.41,13.55
2009-07-02,91.25,38.31,13.16
2009-07-06,90.76,36.94,13.1
2009-07-07,90.71,36.51,12.89
2009-07-08,89.27,35.19,12.69
2009-07-09,89.51,35.31,12.67
2009-07-10,89.58,35.14,12.5
2009-07-13,90.19,35.93,12.66
2009-07-14,90.81,36.76,12.72
2009-07-15,92.24,38.29,13.06
2009-07-16,91.98,38.33,13.09
2009-07-17,91.93,38.64,13.17
2009-07-20,93.28,40.23,13.45
2009-07-21,93.13,39.74,13.33
2009-07-22,93.44,39.77,13.45
2009-07-23,93.26,39.96,13.52
2009-07-24,93.41,39.9,13.66
2009-07-27,93.71,39.85,13.84
2009-07-28,92.11,38.35,13.52
2009-07-29,91.2,37.18,13.12
2009-07-30,91.62,38.16,13.25
2009-07-31,93.35,39.76,13.7
2009-08-03,93.87,40.77,14.03
2009-08-04,94.68,41.08,14.35
2009-08-05,94.78,40.95,14.52
2009-08-06,94.6,40.85,14.32
2009-08-07,93.75,39.98,14.39
2009-08-10,92.93,39.1,14.15
2009-08-12,92.95,38.79,14.34
2009-08-13,93.72,39.88,14.79
2009-08-14,93.0,39.21,14.43
2009-08-17,91.61,37.3,13.75
2009-08-18,92.06,37.87,13.72
2009-08-19,92.53,38.24,13.57
2009-08-20,92.27,38.61,13.7
2009-08-21,93.65,39.3,13.92
2009-08-24,92.34,38.89,13.9
2009-08-25,92.76,39.24,14.04
2009-08-26,92.79,38.82,14.09
2009-08-27,93.19,39.57,14.08
2009-08-28,93.87,40.18,14.5
2009-08-31,93.4,39.51,14.62
2009-09-01,93.9,38.79,14.76
2009-09-02,96.19,42.48,15.22
2009-09-03,97.46,44.65,15.87
2009-09-04,97.53,45.02,15.97
2009-09-08,97.43,45.11,16.15
2009-09-09,97.08,44.12,16.06
2009-09-10,97.7,45.54,16.41
2009-09-11,98.78,46.09,16.5
2009-09-14,97.96,45.39,16.31
2009-09-15,98.9,46.85,16.78
2009-09-16,99.91,48.0,17.14
2009-09-17,99.34,47.78,16.95
2009-09-18,98.67,45.92,16.7
2009-09-21,98.36,45.15,16.54
2009-09-22,99.67,46.26,16.88
2009-09-23,98.83,44.84,16.54
2009-09-24,97.55,43.74,15.99
2009-09-25,97.0,43.07,15.74
2009-09-28,97.05,43.04,15.91
2009-09-29,97.43,44.46,15.89
2009-09-30,98.85,45.29,16.38
2009-10-01,97.89,43.06,16.04
2009-10-02,98.37,42.76,15.82
2009-10-05,99.82,44.56,16.38
2009-10-06,102.28,47.6,17.08
2009-10-07,102.36,47.9,17.25
2009-10-08,103.64,48.69,17.52
2009-10-09,102.84,48.29,17.44
2009-10-12,103.56,48.28,17.48
2009-10-13,104.26,49.19,17.48
2009-10-14,104.18,49.13,17.56
2009-10-15,102.86,48.16,17.06
2009-10-16,103.18,48.38,17.18
2009-10-19,104.23,48.53,17.44
2009-10-20,103.42,47.5,17.2
2009-10-21,103.74,47.39,17.36
2009-10-22,103.92,46.99,17.32
2009-10-23,103.49,46.69,17.4
2009-10-26,101.86,44.69,16.79
2009-10-27,101.85,44.47,16.34
2009-10-28,100.73,41.87,15.86
2009-10-29,102.69,43.8,16.41
2009-10-30,102.53,42.37,16.07
2009-11-02,103.95,42.88,16.16
2009-11-03,106.46,46.18,17.0
2009-11-04,107.1,46.53,17.14
2009-11-05,106.98,46.72,17.12
2009-11-06,107.43,47.62,17.09
2009-11-09,108.19,49.28,17.29
2009-11-10,108.39,49.66,17.03
2009-11-11,109.6,49.9,17.29
2009-11-12,108.21,48.44,16.92
2009-11-13,109.74,49.78,17.15
2009-11-16,111.63,51.34,18.01
2009-11-17,111.97,51.53,18.13
2009-11-18,112.25,50.99,18.23
2009-11-19,112.3,51.1,18.26
2009-11-20,112.94,50.82,18.22
2009-11-23,114.29,51.68,18.27
2009-11-24,114.73,51.45,18.25
2009-11-25,116.62,52.83,18.52
2009-11-27,115.06,50.82,17.95
2009-11-30,115.64,51.11,18.15
2009-12-01,117.38,53.68,18.78
2009-12-02,119.18,54.78,18.89
2009-12-03,118.7,53.53,18.62
2009-12-04,113.75,50.69,18.15
2009-12-07,113.11,49.76,17.82
2009-12-08,110.95,47.75,17.3
2009-12-09,110.84,48.79,17.15
2009-12-10,110.82,48.74,17.09
2009-12-11,109.32,47.82,16.87
2009-12-14,110.24,48.46,17.08
2009-12-15,110.21,47.48,17.09
2009-12-16,111.59,48.21,17.36
2009-12-17,107.34,45.2,16.79
2009-12-18,108.95,46.29,16.95
2009-12-21,106.95,45.41,16.69
2009-12-22,106.17,45.51,16.64
2009-12-23,106.55,46.93,16.81
2009-12-24,108.36,46.96,17.17
2009-12-28,108.55,46.87,17.22
2009-12-29,107.47,46.43,16.81
2009-12-30,106.93,45.87,16.53
2009-12-31,107.31,46.21,16.54
2010-01-04,109.8,47.71,17.23
2010-01-05,109.7,48.17,17.51
2010-01-06,111.51,49.34,17.86
2010-01-07,110.82,49.1,17.89
2010-01-08,111.37,49.84,18.15
2010-01-11,112.85,50.17,18.21
2010-01-12,110.49,48.35,17.91
2010-01-13,111.54,48.86,18.27
2010-01-14,112.03,48.6,18.31
2010-01-15,110.86,47.42,18.05
2010-01-19,111.52,47.69,18.45
2010-01-20,108.94,45.73,17.57
2010-01-21,107.37,43.75,17.07
2010-01-22,107.17,43.79,16.78
2010-01-25,107.48,43.19,16.83
2010-01-26,107.56,43.13,16.43
2010-01-27,106.53,42.77,16.26
2010-01-28,106.48,42.17,15.92
2010-01-29,105.96,40.72,15.9
2010-02-01,108.35,42.94,16.36
2010-02-02,109.13,43.0,16.35
2010-02-03,108.7,42.57,16.07
2010-02-04,104.37,40.24,15.04
2010-02-05,104.68,42.41,14.9
2010-02-08,104.04,40.78,14.75
2010-02-09,105.41,42.57,15.12
2010-02-10,105.12,42.35,14.95
2010-02-11,107.13,43.99,15.37
2010-02-12,107.04,43.94,15.24
2010-02-16,109.62,44.91,15.82
2010-02-17,109.25,44.71,15.74
2010-02-18,109.98,45.06,15.88
2010-02-19,109.47,44.57,15.97
2010-02-22,109.07,44.09,15.9
2010-02-23,107.89,42.5,15.57
2010-02-24,107.36,42.25,15.62
2010-02-25,108.31,43.45,15.77
2010-02-26,109.43,43.89,16.07
2010-03-01,109.43,44.64,16.11
2010-03-02,111.02,45.51,16.56
2010-03-03,111.63,46.36,16.82
2010-03-04,110.83,45.58,16.79
2010-03-05,110.81,46.43,17.01
2010-03-08,109.88,45.95,16.89
2010-03-09,109.72,45.58,16.92
2010-03-10,108.47,44.96,16.66
2010-03-11,108.6,45.32,16.81
2010-03-12,107.95,44.99,16.76
2010-03-15,108.36,44.94,16.74
2010-03-16,110.4,46.12,17.05
2010-03-17,109.59,46.27,17.08
2010-03-18,110.34,45.97,17.08
2010-03-19,108.28,45.31,16.65
2010-03-22,107.75,45.14,16.6
2010-03-23,108.32,45.28,16.72
2010-03-24,106.3,43.5,16.29
2010-03-25,106.78,42.91,16.32
2010-03-26,108.59,43.71,16.61
2010-03-29,108.75,44.33,17.04
2010-03-30,107.97,43.86,16.95
2010-03-31,108.95,44.41,17.14
2010-04-01,110.26,46.4,17.54
2010-04-05,110.89,46.9,17.75
2010-04-06,111.03,46.81,17.61
2010-04-07,112.49,48.18,17.77
2010-04-08,112.65,48.19,17.72
2010-04-09,113.64,48.68,18.01
2010-04-12,113.01,48.14,17.8
2010-04-13,112.69,47.75,17.84
2010-04-14,113.03,48.09,18.07
2010-04-15,113.65,47.57,18.07
2010-04-16,111.24,46.65,17.41
2010-04-19,111.15,46.59,17.38
2010-04-20,111.46,46.46,17.48
2010-04-21,112.31,46.98,17.77
2010-04-22,111.84,47.36,17.64
2010-04-23,113.19,48.21,17.91
2010-04-26,112.75,48.13,17.93
2010-04-27,114.63,48.28,17.88
2010-04-28,114.31,49.7,17.75
2010-04-29,114.28,50.31,18.14
2010-04-30,115.36,50.51,18.26
2010-05-03,115.73,49.88,18.42
2010-05-04,114.87,49.66,17.59
2010-05-05,115.09,49.24,17.11
2010-05-06,118.49,49.94,17.32
2010-05-07,118.27,49.13,18.0
2010-05-10,117.57,50.14,18.11
2010-05-11,120.66,53.6,18.95
2010-05-12,121.4,53.43,19.12
2010-05-13,120.56,52.66,18.99
2010-05-14,120.37,53.15,18.93
2010-05-17,119.36,51.87,18.53
2010-05-18,119.49,51.49,18.57
2010-05-19,116.63,49.45,17.87
2010-05-20,115.84,47.05,17.35
2010-05-21,115.22,47.21,17.29
2010-05-24,116.84,47.64,17.56
2010-05-25,117.36,48.94,17.54
2010-05-26,118.47,48.99,17.74
2010-05-27,118.69,50.18,18.12
2010-05-28,118.88,49.86,18.03
2010-06-01,119.91,49.81,18.02
2010-06-02,119.78,50.67,17.98
2010-06-03,117.96,49.83,17.64
2010-06-04,119.19,48.82,17.05
2010-06-07,121.49,50.19,17.81
2010-06-08,121.0,50.72,17.89
2010-06-09,120.56,50.2,17.76
2010-06-10,118.98,50.66,17.86
2010-06-11,120.01,50.79,17.85
2010-06-14,119.6,49.9,17.86
2010-06-15,120.99,51.17,18.19
2010-06-16,120.33,51.66,18.08
2010-06-17,121.9,52.96,18.33
2010-06-18,122.83,54.06,18.75
2010-06-21,120.39,52.52,18.33
2010-06-22,121.45,52.14,18.42
2010-06-23,120.95,52.45,18.18
2010-06-24,121.3,52.18,18.26
2010-06-25,122.76,53.88,18.67
2010-06-28,121.09,53.4,18.38
2010-06-29,121.27,51.98,18.13
2010-06-30,121.68,51.96,18.21
2010-07-01,117.04,49.62,17.44
2010-07-02,118.49,49.58,17.46
2010-07-06,116.51,48.91,17.4
2010-07-07,117.73,49.99,17.65
2010-07-08,117.21,49.38,17.61
2010-07-09,118.36,50.48,17.73
2010-07-12,117.34,50.15,17.62
2010-07-13,118.36,50.39,17.82
2010-07-14,118.3,50.26,17.96
2010-07-15,118.23,50.17,17.95
2010-07-16,116.67,48.54,17.49
2010-07-19,115.73,47.53,17.27
2010-07-20,116.65,48.55,17.33
2010-07-21,115.85,48.18,17.31
2010-07-22,116.86,49.16,17.71
2010-07-23,116.09,49.21,17.72
2010-07-26,115.52,48.89,17.78
2010-07-27,113.51,47.09,17.3
2010-07-28,113.78,47.39,17.16
2010-07-29,114.29,47.68,17.24
2010-07-30,115.49,48.22,17.58
2010-08-02,115.54,48.05,17.96
2010-08-03,115.99,48.32,18.02
2010-08-04,116.72,49.62,17.93
2010-08-05,116.98,49.69,17.96
2010-08-06,117.84,50.17,18.07
2010-08-09,117.4,50.19,17.96
2010-08-10,117.73,50.37,17.97
2010-08-11,117.34,49.08,17.53
2010-08-12,118.77,50.31,17.69
2010-08-13,118.74,49.74,17.74
2010-08-16,119.73,50.71,18.0
2010-08-17,119.75,51.29,18.12
2010-08-18,120.22,52.13,18.02
2010-08-19,120.39,51.73,17.92
2010-08-20,119.97,51.28,17.59
2010-08-23,119.78,50.9,17.61
2010-08-24,120.36,50.3,17.99
2010-08-25,121.36,52.0,18.54
2010-08-26,120.96,52.73,18.59
2010-08-27,121.01,53.34,18.7
2010-08-30,120.91,53.12,18.63
2010-08-31,122.08,53.61,18.93
2010-09-01,121.69,52.85,18.96
2010-09-02,122.29,53.57,19.28
2010-09-03,121.86,53.69,19.42
2010-09-07,122.7,53.95,19.36
2010-09-08,122.71,53.67,19.5
2010-09-09,121.56,52.65,19.32
2010-09-10,121.73,53.04,19.42
2010-09-13,121.62,53.0,19.54
2010-09-14,124.02,54.88,20.05
2010-09-15,123.94,54.6,20.17
2010-09-16,124.63,55.36,20.35
2010-09-17,124.54,54.78,20.29
2010-09-20,124.87,55.34,20.29
2010-09-21,126.01,55.67,20.59
2010-09-22,126.2,56.37,20.71
2010-09-23,126.3,55.76,20.66
2010-09-24,126.69,55.67,21.01
2010-09-27,126.72,55.34,20.99
2010-09-28,127.85,56.66,21.29
2010-09-29,127.95,56.51,21.4
2010-09-30,127.91,55.93,21.31
2010-10-01,128.91,56.6,21.65
2010-10-04,128.46,55.55,21.51
2010-10-05,130.99,57.26,22.34
2010-10-06,131.81,58.12,22.69
2010-10-07,130.37,56.58,22.02
2010-10-08,131.66,57.3,22.73
2010-10-11,132.29,57.41,22.78
2010-10-12,131.96,57.17,22.84
2010-10-13,134.07,58.59,23.49
2010-10-14,134.75,58.19,24.03
2010-10-15,133.68,57.41,23.75
2010-10-18,134.28,57.14,23.96
2010-10-19,130.11,54.53,22.84
2010-10-20,131.32,55.46,23.33
2010-10-21,129.47,54.28,22.59
2010-10-22,129.73,54.89,22.76
2010-10-25,130.85,55.74,23.1
2010-10-26,130.88,55.79,23.28
2010-10-27,129.52,54.68,23.07
2010-10-28,131.24,56.36,23.43
2010-10-29,132.62,57.3,24.17
2010-11-01,131.92,57.23,24.07
2010-11-02,132.49,57.67,24.31
2010-11-03,131.57,57.23,24.25
2010-11-04,136.03,59.99,25.63
2010-11-05,136.38,60.09,26.2
2010-11-08,137.78,61.77,27.15
2010-11-09,135.59,59.67,26.18
2010-11-10,137.24,61.33,26.72
2010-11-11,137.66,61.78,27.11
2010-11-12,133.69,60.07,25.52
2010-11-15,132.42,59.47,24.93
2010-11-16,130.97,57.66,24.93
2010-11-17,130.38,58.04,25.0
2010-11-18,132.09,59.03,26.35
2010-11-19,132.2,59.28,26.74
2010-11-22,133.48,60.03,27.17
2010-11-23,134.41,59.62,26.86
2010-11-24,134.18,59.67,26.94
2010-11-26,133.11,58.61,26.13
2010-11-29,133.51,58.87,26.55
2010-11-30,135.42,59.5,27.44
2010-12-01,135.38,60.28,27.81
2010-12-02,135.2,61.18,27.93
2010-12-03,138.07,62.71,28.6
2010-12-06,139.11,63.8,29.51
2010-12-07,136.5,62.38,28.08
2010-12-08,134.79,61.2,27.7
2010-12-09,135.37,61.43,28.03
2010-12-10,135.41,61.66,27.98
2010-12-13,136.05,62.22,28.87
2010-12-14,136.18,62.13,28.81
2010-12-15,134.7,60.99,28.08
2010-12-16,133.81,60.17,28.28
2010-12-17,134.2,60.44,28.51
2010-12-20,135.11,60.57,28.71
2010-12-21,135.32,60.55,28.64
2010-12-22,135.05,59.84,28.57
2010-12-23,134.66,59.89,28.61
2010-12-27,135.02,59.54,28.59
2010-12-28,137.22,61.09,29.53
2010-12-29,137.71,61.31,29.87
2010-12-30,137.03,60.88,29.76
2010-12-31,138.72,61.47,30.18
2011-01-03,138.0,60.77,29.98
2011-01-04,134.75,59.02,29.08
2011-01-05,134.37,58.22,28.61
2011-01-06,133.83,56.74,28.42
2011-01-07,133.58,56.74,28.1
2011-01-10,134.12,56.89,28.29
2011-01-11,134.91,58.04,28.89
2011-01-12,135.46,57.9,29.0
2011-01-13,134.05,56.05,28.0
2011-01-14,132.69,54.88,27.74
2011-01-18,133.43,55.81,28.15
2011-01-19,133.72,55.47,28.08
2011-01-20,131.2,54.64,26.85
2011-01-21,131.03,53.94,26.83
2011-01-24,130.36,53.43,26.36
2011-01-25,130.1,53.12,26.23
2011-01-26,131.16,55.1,26.89
2011-01-27,127.92,53.73,26.29
2011-01-28,130.28,54.2,27.3
2011-01-31,129.87,53.92,27.39
2011-02-01,130.8,55.44,27.87
2011-02-02,130.46,55.03,27.69
2011-02-03,132.2,56.52,28.3
2011-02-04,131.61,56.11,28.41
2011-02-07,131.64,56.12,28.68
2011-02-08,133.13,57.37,29.65
2011-02-09,133.07,56.47,29.52
2011-02-10,132.85,55.93,29.46
2011-02-11,132.35,55.73,29.22
2011-02-14,132.95,56.46,29.96
2011-02-15,133.97,57.51,30.01
2011-02-16,134.1,57.74,29.94
2011-02-17,135.04,58.45,31.03
2011-02-18,135.41,58.98,31.78
2011-02-22,136.29,58.43,32.27
2011-02-23,137.51,59.61,32.71
2011-02-24,136.45,57.74,31.19
2011-02-25,137.4,58.95,32.56
2011-02-28,137.72,59.83,33.12
2011-03-01,139.9,60.79,33.88
2011-03-02,139.93,60.79,33.84
2011-03-03,138.09,59.87,33.41
2011-03-04,139.35,60.4,34.71
2011-03-07,139.73,59.95,35.26
2011-03-08,139.36,59.41,35.18
2011-03-09,139.41,58.94,35.25
2011-03-10,137.77,56.81,34.35
2011-03-11,138.19,57.82,35.03
2011-03-14,138.86,57.81,35.01
2011-03-15,136.27,56.48,33.61
2011-03-16,136.24,55.28,33.37
2011-03-17,136.97,55.72,33.53
2011-03-18,138.37,56.66,34.27
2011-03-21,139.11,58.02,35.28
2011-03-22,139.05,58.17,35.54
2011-03-23,140.34,60.27,36.47
2011-03-24,139.22,59.95,36.12
2011-03-25,139.26,59.52,36.39
2011-03-28,138.56,58.51,36.18
2011-03-29,138.24,58.47,36.2
2011-03-30,138.67,59.62,36.53
2011-03-31,139.82,60.06,36.79
2011-04-01,139.2,59.74,36.86
2011-04-04,139.84,59.74,37.58
2011-04-05,142.05,62.71,38.34
2011-04-06,142.38,62.62,38.62
2011-04-07,142.51,62.51,38.73
2011-04-08,143.66,63.95,39.86
2011-04-11,142.62,62.1,39.21
2011-04-12,141.65,61.09,39.1
2011-04-13,141.9,60.86,39.58
2011-04-14,143.82,61.61,41.07
2011-04-15,145.06,61.51,41.86
2011-04-18,145.93,60.83,42.43
2011-04-19,145.93,61.62,43.0
2011-04-20,146.5,62.13,44.13
2011-04-21,146.74,62.61,45.56
2011-04-25,146.87,61.24,45.83
2011-04-26,146.39,60.21,44.02
2011-04-27,149.21,61.56,47.0
2011-04-28,149.81,61.3,47.23
2011-04-29,152.36,62.16,46.9
2011-05-02,150.43,60.2,42.79
2011-05-03,149.88,58.25,40.6
2011-05-04,147.79,58.4,38.27
2011-05-05,143.47,56.16,33.72
2011-05-06,145.3,56.09,34.47
2011-05-09,147.38,57.21,36.98
2011-05-10,147.9,56.76,37.52
2011-05-11,146.54,54.91,34.39
2011-05-12,146.59,54.65,33.32
2011-05-13,145.63,54.21,34.4
2011-05-16,145.36,54.47,32.85
2011-05-17,144.74,54.98,33.09
2011-05-18,145.6,55.38,34.25
2011-05-19,145.65,55.64,34.28
2011-05-20,147.48,55.69,34.18
2011-05-23,147.82,55.34,34.29
2011-05-24,148.56,56.6,35.75
2011-05-25,148.58,57.08,36.95
2011-05-26,148.22,57.1,36.51
2011-05-27,149.7,57.94,37.04
2011-05-31,149.64,58.15,37.58
2011-06-01,149.88,57.07,35.74
2011-06-02,149.5,56.61,35.29
2011-06-03,150.26,56.49,35.34
2011-06-06,150.48,54.84,35.71
2011-06-07,150.43,54.68,36.13
2011-06-08,149.81,53.44,36.04
2011-06-09,150.58,54.37,36.69
2011-06-10,149.24,53.43,35.26
2011-06-13,147.77,52.52,33.88
2011-06-14,148.73,53.41,34.68
2011-06-15,149.14,53.06,34.88
2011-06-16,149.01,51.8,34.65
2011-06-17,149.94,51.96,34.96
2011-06-20,150.03,52.21,35.09
2011-06-21,150.76,53.96,35.5
2011-06-22,150.99,54.67,35.52
2011-06-23,148.32,54.01,34.37
2011-06-24,146.26,52.58,33.36
2011-06-27,145.73,52.52,32.63
2011-06-28,146.24,53.16,33.0
2011-06-29,147.18,54.37,34.01
2011-06-30,145.98,54.59,33.85
2011-07-01,144.94,53.75,32.97
2011-07-05,147.63,55.4,34.63
2011-07-06,148.9,56.09,35.09
2011-07-07,149.15,56.3,35.51
2011-07-08,150.25,56.29,35.78
2011-07-11,151.61,55.66,34.9
2011-07-12,152.79,57.3,35.23
2011-07-13,154.14,59.27,37.24
2011-07-14,154.54,58.78,37.4
2011-07-15,155.2,59.72,38.25
2011-07-18,156.57,60.58,39.47
2011-07-19,154.67,59.72,38.0
2011-07-20,156.02,60.35,39.12
2011-07-21,154.83,60.13,38.29
2011-07-22,156.08,60.79,39.07
2011-07-25,157.34,60.28,39.31
2011-07-26,157.77,60.31,39.9
2011-07-27,157.19,58.56,39.15
2011-07-28,157.32,58.17,38.76
2011-07-29,158.41,56.94,38.83
2011-08-01,157.7,57.42,38.26
2011-08-02,161.52,58.45,39.82
2011-08-03,161.41,59.2,40.58
2011-08-04,160.64,55.9,37.59
2011-08-05,161.78,55.44,37.32
2011-08-08,167.12,55.36,37.98
2011-08-09,168.61,57.72,36.32
2011-08-10,174.58,59.3,38.46
2011-08-11,170.67,59.85,37.81
2011-08-12,169.97,59.2,38.09
2011-08-15,171.8,60.93,38.67
2011-08-16,173.92,60.27,39.03
2011-08-17,174.42,60.74,39.33
2011-08-18,177.73,59.76,39.66
2011-08-19,179.99,61.27,41.69
2011-08-22,184.59,63.7,42.63
2011-08-23,177.6,61.52,40.62
2011-08-24,171.63,59.96,38.82
2011-08-25,172.23,61.05,40.02
2011-08-26,177.49,62.48,40.41
2011-08-29,173.89,61.91,39.7
2011-08-30,179.05,63.0,40.41
2011-08-31,177.65,62.81,40.44
2011-09-01,177.87,63.46,40.52
2011-09-02,183.23,64.99,42.18
2011-09-06,182.92,65.34,41.0
2011-09-07,177.08,65.43,40.5
2011-09-08,181.78,66.69,41.22
2011-09-09,180.7,65.8,40.52
2011-09-12,176.67,63.94,39.14
2011-09-13,178.54,64.44,39.87
2011-09-14,177.21,63.13,39.59
2011-09-15,174.39,62.82,38.79
2011-09-16,176.03,64.11,39.39
2011-09-19,173.27,63.49,38.65
2011-09-20,175.78,65.63,38.83
2011-09-21,173.59,64.28,38.56
2011-09-22,169.05,59.3,34.92
2011-09-23,159.8,56.36,29.98
2011-09-26,157.58,57.39,29.77
2011-09-27,160.63,57.07,31.18
2011-09-28,156.2,54.52,28.85
2011-09-29,157.7,55.03,29.96
2011-09-30,158.08,55.19,28.93
2011-10-03,160.99,54.45,29.49
2011-10-04,157.63,52.47,29.09
2011-10-05,159.49,54.87,29.66
2011-10-06,160.49,56.27,31.2
2011-10-07,159.18,54.88,30.23
2011-10-10,163.24,56.84,31.28
2011-10-11,162.1,56.91,31.38
2011-10-12,163.26,57.39,31.77
2011-10-13,162.3,56.27,30.92
2011-10-14,163.4,58.0,31.34
2011-10-17,162.62,56.55,31.04
2011-10-18,161.84,56.97,31.4
2011-10-19,159.75,53.54,30.19
2011-10-20,157.77,53.13,29.73
2011-10-21,159.52,53.98,30.48
2011-10-24,161.02,56.03,30.89
2011-10-25,165.59,57.45,32.43
2011-10-26,167.31,57.97,32.47
2011-10-27,169.94,59.02,32.92
2011-10-28,169.62,60.48,34.29
2011-10-31,167.34,58.83,33.44
2011-11-01,167.41,58.51,32.33
2011-11-02,169.06,59.96,33.25
2011-11-03,171.72,61.83,33.63
2011-11-04,170.85,61.3,33.17
2011-11-07,174.98,63.32,34.08
2011-11-08,173.53,62.5,34.0
2011-11-09,172.07,60.68,33.09
2011-11-10,171.14,60.17,33.14
2011-11-11,173.96,62.31,33.74
2011-11-14,173.2,61.17,33.33
2011-11-15,173.36,61.33,33.66
2011-11-16,171.51,60.31,32.82
2011-11-17,167.07,57.87,30.64
2011-11-18,167.62,57.06,31.39
2011-11-21,163.5,56.2,30.76
2011-11-22,165.31,57.04,31.89
2011-11-23,164.83,55.49,30.9
2011-11-25,163.4,54.79,30.2
2011-11-28,166.63,56.2,31.27
2011-11-29,166.88,56.46,31.03
2011-11-30,170.13,60.49,32.0
2011-12-01,169.64,60.3,31.86
2011-12-02,169.92,58.07,31.64
2011-12-05,167.32,57.86,31.05
2011-12-06,168.18,59.02,31.93
2011-12-07,169.34,58.96,31.6
2011-12-08,165.95,57.21,30.68
2011-12-09,166.4,57.83,31.33
2011-12-12,161.97,55.8,30.49
2011-12-13,158.45,54.04,29.82
2011-12-14,152.89,52.38,28.07
2011-12-15,152.33,51.68,28.22
2011-12-16,155.23,52.68,28.85
2011-12-19,154.85,51.17,27.94
2011-12-20,156.98,53.09,28.77
2011-12-21,157.16,52.91,28.6
2011-12-22,156.04,52.35,28.33
2011-12-23,156.31,52.79,28.28
2011-12-27,154.91,51.9,27.87
2011-12-28,151.05,50.07,26.25
2011-12-29,150.34,51.2,27.08
2011-12-30,151.99,51.43,26.94
2012-01-03,155.92,53.81,28.83
2012-01-04,156.71,53.74,28.39
2012-01-05,157.78,53.9,28.5
2012-01-06,157.2,53.35,27.91
2012-01-09,156.5,53.7,28.14
2012-01-10,158.64,54.51,29.05
2012-01-11,159.65,54.31,29.14
2012-01-12,160.38,54.72,29.31
2012-01-13,159.26,54.05,28.81
2012-01-17,160.5,53.17,29.2
2012-01-18,161.6,53.24,29.65
2012-01-19,161.22,52.15,29.74
2012-01-20,162.07,52.18,31.22
2012-01-23,163.16,53.01,31.39
2012-01-24,162.01,51.77,31.08
2012-01-25,166.42,55.23,32.37
2012-01-26,167.27,55.76,32.43
2012-01-27,168.97,57.14,32.96
2012-01-30,168.03,56.46,32.53
2012-01-31,169.31,56.46,32.28
2012-02-01,169.56,56.59,32.73
2012-02-02,171.05,57.47,33.36
2012-02-03,167.66,56.44,32.68
2012-02-06,167.18,56.18,32.68
2012-02-07,169.7,55.88,33.26
2012-02-08,168.5,55.54,33.04
2012-02-09,168.02,55.25,32.9
2012-02-10,167.14,54.49,32.51
2012-02-13,167.51,54.3,32.73
2012-02-14,167.12,53.77,32.54
2012-02-15,168.09,53.56,32.45
2012-02-16,168.0,54.97,32.57
2012-02-17,167.37,54.15,32.28
2012-02-21,171.02,55.79,33.4
2012-02-22,172.94,56.83,33.44
2012-02-23,173.02,57.26,34.4
2012-02-24,172.25,56.46,34.36
2012-02-27,171.7,56.05,34.36
2012-02-28,173.49,57.33,35.83
2012-02-29,164.29,55.35,33.55
2012-03-01,166.56,55.9,34.44
2012-03-02,166.36,54.79,33.77
2012-03-05,165.65,53.62,33.03
2012-03-06,162.71,52.45,32.02
2012-03-07,163.63,52.67,32.41
2012-03-08,165.28,53.31,32.84
2012-03-09,166.4,53.24,33.22
2012-03-12,165.01,52.37,32.63
2012-03-13,162.13,52.11,32.26
2012-03-14,159.57,50.14,31.25
2012-03-15,161.08,50.14,31.53
2012-03-16,161.3,49.93,31.58
2012-03-19,161.59,49.6,31.98
2012-03-20,160.13,49.86,31.16
2012-03-21,160.21,49.76,31.21
2012-03-22,159.54,48.75,30.54
2012-03-23,161.53,49.77,31.23
2012-03-26,164.4,50.63,31.95
2012-03-27,163.24,49.92,31.59
2012-03-28,161.51,48.94,31.16
2012-03-29,161.28,49.09,31.36
2012-03-30,162.14,49.57,31.37
2012-04-02,162.94,50.37,32.05
2012-04-03,159.89,48.75,31.65
2012-04-04,157.17,46.7,30.33
2012-04-05,158.31,46.2,30.72
2012-04-09,159.37,46.47,30.59
2012-04-10,161.1,47.01,30.81
2012-04-11,161.04,46.48,30.66
2012-04-12,162.72,48.16,31.44
2012-04-13,160.85,47.5,30.55
2012-04-16,160.46,46.64,30.56
2012-04-17,160.27,47.13,30.8
2012-04-18,159.31,46.63,30.64
2012-04-19,159.43,46.61,30.8
2012-04-20,159.54,46.12,30.75
2012-04-23,159.07,45.04,29.97
2012-04-24,159.3,45.14,29.93
2012-04-25,159.62,46.26,29.86
2012-04-26,161.03,46.25,30.18
2012-04-27,161.38,46.8,30.37
2012-04-30,161.88,46.39,30.11
2012-05-01,161.32,46.44,30.06
2012-05-02,160.6,45.66,29.78
2012-05-03,158.97,43.88,29.29
2012-05-04,159.47,44.05,29.4
2012-05-07,159.08,43.67,29.21
2012-05-08,156.0,42.17,28.67
2012-05-09,154.47,43.02,28.38
2012-05-10,154.76,43.09,28.25
2012-05-11,153.57,42.36,28.08
2012-05-14,151.33,40.97,27.42
2012-05-15,149.74,39.34,26.86
2012-05-16,149.46,39.56,26.37
2012-05-17,152.8,41.34,27.24
2012-05-18,154.55,41.62,27.79
2012-05-21,154.65,43.01,27.68
2012-05-22,152.08,42.54,27.34
2012-05-23,151.62,44.44,27.05
2012-05-24,151.41,44.63,27.44
2012-05-25,152.68,44.91,27.62
2012-05-29,151.02,44.09,27.1
2012-05-30,151.88,44.24,27.12
2012-05-31,151.62,43.78,26.96
2012-06-01,157.5,46.66,27.62
2012-06-04,157.32,47.33,27.46
2012-06-05,157.14,47.53,27.72
2012-06-06,157.21,47.58,28.51
2012-06-07,154.5,45.99,27.79
2012-06-08,154.73,46.33,27.75
2012-06-11,155.36,45.65,27.79
2012-06-12,156.45,46.77,28.12
2012-06-13,157.14,46.81,28.01
2012-06-14,157.75,46.93,27.82
2012-06-15,157.84,46.92,27.81
2012-06-18,157.93,47.73,27.87
2012-06-19,157.16,47.68,27.64
2012-06-20,155.97,47.27,27.26
2012-06-21,152.0,44.83,26.12
2012-06-22,152.64,44.58,26.15
2012-06-25,153.76,45.17,26.71
2012-06-26,152.62,44.45,26.3
2012-06-27,152.83,44.28,26.13
2012-06-28,151.05,43.31,25.63
2012-06-29,155.19,44.77,26.65
2012-07-02,155.09,44.76,26.73
2012-07-03,157.46,46.45,27.49
2012-07-05,155.68,45.77,26.88
2012-07-06,153.72,44.43,26.3
2012-07-09,154.04,44.25,26.52
2012-07-10,152.15,42.87,26.06
2012-07-11,152.99,41.94,26.25
2012-07-12,152.54,41.69,26.35
2012-07-13,154.14,42.31,26.44
2012-07-16,154.21,42.16,26.49
2012-07-17,153.47,41.7,26.47
2012-07-18,153.05,41.12,26.42
2012-07-19,153.38,41.58,26.42
2012-07-20,153.67,41.73,26.48
2012-07-23,153.03,40.7,26.21
2012-07-24,153.52,40.72,26.22
2012-07-25,155.67,41.96,26.53
2012-07-26,156.77,42.83,26.71
2012-07-27,157.61,43.13,26.96
2012-07-30,157.43,43.72,27.36
2012-07-31,156.54,42.78,27.12
2012-08-01,155.14,42.25,26.54
2012-08-02,154.13,42.04,26.31
2012-08-03,155.55,42.86,26.96
2012-08-06,156.3,43.73,27.11
2012-08-07,156.32,44.23,27.27
2012-08-08,156.45,43.93,27.21
2012-08-09,156.99,44.56,27.29
2012-08-10,157.22,44.85,27.26
2012-08-13,155.99,44.24,26.92
2012-08-14,155.13,43.93,26.96
2012-08-15,155.63,44.15,26.98
2012-08-16,156.56,45.65,27.37
2012-08-17,156.72,45.34,27.24
2012-08-20,157.26,45.62,27.95
2012-08-21,158.83,46.38,28.37
2012-08-22,160.54,47.5,28.92
2012-08-23,161.91,47.42,29.59
2012-08-24,161.96,47.54,29.74
2012-08-27,161.36,46.9,29.74
2012-08-28,161.64,46.85,29.93
2012-08-29,160.59,46.39,29.75
2012-08-30,160.52,46.02,29.44
2012-08-31,164.22,47.94,30.79
2012-09-04,164.48,47.77,31.36
2012-09-05,164.31,47.93,31.27
2012-09-06,164.9,49.15,31.67
2012-09-07,168.44,50.46,32.64
2012-09-10,167.29,49.48,32.29
2012-09-11,167.9,49.81,32.41
2012-09-12,167.92,50.01,32.21
2012-09-13,171.33,52.52,33.61
2012-09-14,171.8,53.86,33.6
2012-09-17,170.4,53.89,32.99
2012-09-18,171.71,54.29,33.7
2012-09-19,171.74,54.79,33.57
2012-09-20,171.47,54.34,33.58
2012-09-21,171.96,54.81,33.47
2012-09-24,171.08,52.93,32.93
2012-09-25,170.73,52.17,32.68
2012-09-26,169.81,52.45,32.87
2012-09-27,172.36,53.96,33.56
2012-09-28,172.02,53.71,33.48
2012-10-01,172.35,53.87,33.65
2012-10-02,172.1,53.59,33.5
2012-10-03,172.41,52.72,33.51
2012-10-04,173.61,54.25,33.93
2012-10-05,172.62,53.65,33.45
2012-10-08,172.05,53.23,32.97
2012-10-09,170.99,52.05,32.83
2012-10-10,170.84,52.48,32.95
2012-10-11,171.32,52.49,32.9
2012-10-12,170.05,51.63,32.45
2012-10-15,168.35,51.64,31.66
2012-10-16,169.42,52.67,31.92
2012-10-17,169.54,53.11,32.12
2012-10-18,168.77,51.52,31.76
2012-10-19,166.94,51.73,31.09
2012-10-22,167.58,52.43,31.39
2012-10-23,165.42,50.96,30.68
2012-10-24,164.86,50.04,30.71
2012-10-25,166.02,51.59,31.12
2012-10-26,165.94,51.24,31.08
2012-10-31,166.86,52.85,31.27
2012-11-01,166.08,52.01,31.22
2012-11-02,162.6,49.76,29.95
2012-11-05,163.23,49.39,30.17
2012-11-06,166.4,50.34,31.01
2012-11-07,166.49,51.07,30.85
2012-11-08,167.98,51.36,31.36
2012-11-09,167.82,50.67,31.54
2012-11-12,167.43,50.04,31.37
2012-11-13,167.1,49.48,31.4
2012-11-14,167.14,47.19,31.64
2012-11-15,166.08,45.97,31.54
2012-11-16,165.88,46.47,31.21
2012-11-19,167.9,47.78,32.05
2012-11-20,167.39,47.36,32.11
2012-11-21,167.56,48.08,32.29
2012-11-23,169.61,48.74,32.98
2012-11-26,169.43,48.75,33.02
2012-11-27,168.71,47.46,32.93
2012-11-28,166.55,47.9,32.62
2012-11-29,167.18,48.04,33.13
2012-11-30,166.05,47.55,32.36
2012-12-03,166.13,46.48,32.52
2012-12-04,164.42,46.64,31.9
2012-12-05,164.12,45.35,31.82
2012-12-06,164.5,45.55,31.93
2012-12-07,165.16,45.93,32.03
2012-12-10,165.8,46.52,32.14
2012-12-11,165.65,46.28,31.91
2012-12-12,165.77,47.63,32.37
2012-12-13,164.37,46.34,31.53
2012-12-14,164.13,46.48,31.17
2012-12-17,164.44,46.51,31.2
2012-12-18,162.08,45.75,30.65
2012-12-19,161.69,45.36,30.11
2012-12-20,159.73,45.07,29.0
2012-12-21,160.33,45.18,29.0
2012-12-24,160.62,44.85,28.94
2012-12-26,160.78,45.15,29.01
2012-12-27,161.16,45.44,29.24
2012-12-28,160.54,44.93,29.1
2012-12-31,162.02,46.39,29.37
2013-01-02,163.17,47.1,29.92
2013-01-03,161.2,45.14,29.18
2013-01-04,160.44,45.33,29.24
2013-01-07,159.43,44.48,29.18
2013-01-08,160.56,44.65,29.38
2013-01-09,160.49,44.36,29.35
2013-01-10,161.98,45.41,29.78
2013-01-11,161.06,45.4,29.48
2013-01-14,161.54,45.23,30.04
2013-01-15,162.56,45.59,30.36
2013-01-16,162.65,45.21,30.45
2013-01-17,163.35,45.0,30.67
2013-01-18,163.09,45.11,30.81
2013-01-22,163.67,45.82,31.12
2013-01-23,163.21,44.56,31.19
2013-01-24,161.42,43.23,30.65
2013-01-25,160.65,41.92,30.21
2013-01-28,160.29,41.48,29.85
2013-01-29,160.99,42.25,30.32
2013-01-30,162.19,41.96,30.92
2013-01-31,161.2,41.62,30.44
2013-02-01,161.45,42.22,30.78
2013-02-04,162.0,42.34,30.69
2013-02-05,161.96,42.26,30.76
2013-02-06,162.39,42.54,30.81
2013-02-07,161.84,42.6,30.46
2013-02-08,161.57,42.32,30.43
2013-02-11,159.7,41.47,30.0
2013-02-12,159.89,41.92,30.09
2013-02-13,159.05,41.2,29.77
2013-02-14,158.35,41.36,29.46
2013-02-15,155.76,39.89,28.83
2013-02-19,155.33,39.37,28.44
2013-02-20,151.44,37.45,27.59
2013-02-21,152.62,38.12,27.73
2013-02-22,152.97,37.93,27.83
2013-02-25,154.34,38.57,28.07
2013-02-26,156.22,39.05,28.41
2013-02-27,154.57,38.26,28.01
2013-02-28,153.0,37.4,27.54
2013-03-01,152.44,37.11,27.62
2013-03-04,152.3,35.91,27.6
2013-03-05,152.38,35.93,27.75
2013-03-06,153.23,37.44,28.1
2013-03-07,152.69,36.91,27.91
2013-03-08,152.71,37.11,28.0
2013-03-11,152.99,36.96,28.02
2013-03-12,154.19,37.88,28.2
2013-03-13,153.66,36.87,27.94
2013-03-14,153.68,37.25,27.8
2013-03-15,154.0,37.34,27.8
2013-03-18,155.38,37.48,27.95
2013-03-19,156.08,37.58,27.93
2013-03-20,155.37,37.45,27.81
2013-03-21,156.25,38.43,28.18
2013-03-22,155.55,38.16,27.75
2013-03-25,155.24,37.67,27.84
2013-03-26,154.72,37.38,27.75
2013-03-27,155.36,38.0,27.73
2013-03-28,154.47,37.85,27.43
2013-04-01,154.67,37.45,27.09
2013-04-02,152.43,35.88,26.35
2013-04-03,150.73,34.25,26.09
2013-04-04,150.29,35.22,25.99
2013-04-05,152.81,35.06,26.39
2013-04-08,152.16,34.65,26.32
2013-04-09,153.34,36.03,27.03
2013-04-10,150.75,34.65,26.68
2013-04-11,151.05,34.18,26.7
2013-04-12,143.95,32.22,25.28
2013-04-15,131.31,29.02,22.09
2013-04-16,132.8,28.82,22.66
2013-04-17,132.87,27.38,22.44
2013-04-18,134.3,28.22,22.4
2013-04-19,135.47,28.59,22.4
2013-04-22,137.9,28.97,22.62
2013-04-23,136.88,28.32,22.18
2013-04-24,138.37,30.23,22.42
2013-04-25,141.63,30.58,23.49
2013-04-26,140.91,29.46,23.1
2013-04-29,142.3,29.91,23.54
2013-04-30,142.77,30.36,23.46
2013-05-01,141.11,29.65,22.86
2013-05-02,141.92,29.63,23.02
2013-05-03,142.09,29.69,23.29
2013-05-06,142.15,29.73,23.18
2013-05-07,140.38,28.85,23.1
2013-05-08,142.46,30.44,23.12
2013-05-09,140.81,29.85,22.89
2013-05-10,139.6,29.81,22.98
2013-05-13,138.43,29.03,22.83
2013-05-14,137.81,28.71,22.57
2013-05-15,134.63,27.4,21.76
2013-05-16,134.09,27.48,21.95
2013-05-17,131.07,26.38,21.4
2013-05-20,135.12,28.02,22.28
2013-05-21,132.88,27.32,21.62
2013-05-22,131.94,27.67,21.51
2013-05-23,134.61,27.87,21.88
2013-05-24,133.76,27.5,21.61
2013-05-28,133.49,27.22,21.53
2013-05-29,134.83,28.5,21.71
2013-05-30,136.7,30.06,21.98
2013-05-31,133.92,29.5,21.44
2013-06-03,136.51,30.36,21.98
2013-06-04,135.23,29.84,21.77
2013-06-05,135.52,29.93,21.78
2013-06-06,136.53,30.3,21.93
2013-06-07,133.28,28.99,20.86
2013-06-10,133.94,29.09,21.16
2013-06-11,133.25,28.13,20.91
2013-06-12,134.25,28.35,21.02
2013-06-13,133.74,28.63,21.04
2013-06-14,134.43,28.12,21.33
2013-06-17,133.77,28.19,21.1
2013-06-18,132.13,27.38,20.88
2013-06-19,130.59,26.51,20.6
2013-06-20,123.6,24.55,18.96
2013-06-21,125.05,24.9,19.39
2013-06-24,123.93,23.75,18.97
2013-06-25,123.47,23.66,18.91
2013-06-26,118.28,22.22,17.89
2013-06-27,115.94,22.79,17.89
2013-06-28,119.11,24.49,18.97
2013-07-01,121.13,24.89,18.93
2013-07-02,120.05,23.75,18.68
2013-07-03,120.74,24.18,19.02
2013-07-05,118.09,23.42,18.21
2013-07-08,119.51,22.9,18.42
2013-07-09,120.62,23.22,18.57
2013-07-10,120.95,23.19,18.48
2013-07-11,124.24,24.97,19.49
2013-07-12,124.13,24.37,19.21
2013-07-15,124.18,24.29,19.28
2013-07-16,124.89,25.65,19.33
2013-07-17,123.32,24.88,18.66
2013-07-18,124.01,24.78,18.72
2013-07-19,125.11,25.86,18.88
2013-07-22,128.84,27.44,19.77
2013-07-23,129.71,28.35,19.77
2013-07-24,127.48,26.95,19.47
2013-07-25,128.67,27.21,19.5
2013-07-26,128.78,27.58,19.32
2013-07-29,128.47,27.23,19.14
2013-07-30,128.12,27.06,19.03
2013-07-31,127.96,26.99,19.14
2013-08-01,126.61,26.17,18.97
2013-08-02,126.36,25.59,19.12
2013-08-05,125.7,25.43,19.01
2013-08-06,123.97,24.03,18.83
2013-08-07,124.15,23.94,18.83
2013-08-08,126.86,26.0,19.6
2013-08-09,126.86,26.47,19.76
2013-08-12,129.13,28.01,20.62
2013-08-13,127.74,27.19,20.71
2013-08-14,129.0,28.7,21.09
2013-08-15,131.69,30.43,22.15
2013-08-16,132.58,29.79,22.34
2013-08-19,132.01,29.23,22.34
2013-08-20,132.45,30.33,22.19
2013-08-21,132.07,28.93,22.14
2013-08-22,132.81,29.37,22.27
2013-08-23,134.9,30.14,23.15
2013-08-26,135.45,30.41,23.46
2013-08-27,136.75,29.1,23.59
2013-08-28,136.71,28.3,23.43
2013-08-29,135.87,28.54,23.0
2013-08-30,134.62,28.13,22.6
2013-09-03,136.42,28.4,23.39
2013-09-04,134.66,28.58,22.69
2013-09-05,132.2,27.53,22.38
2013-09-06,134.15,28.01,22.97
2013-09-09,133.91,27.65,22.84
2013-09-10,131.74,26.57,22.12
2013-09-11,131.7,26.79,22.29
2013-09-12,127.67,25.29,21.06
2013-09-13,127.82,25.63,21.42
2013-09-16,126.45,25.39,20.94
2013-09-17,126.5,25.93,20.96
2013-09-18,132.01,28.25,22.31
2013-09-19,131.75,27.36,22.2
2013-09-20,127.96,25.76,21.0
2013-09-23,127.55,25.17,20.78
2013-09-24,127.66,25.08,20.89
2013-09-25,128.79,25.52,20.98
2013-09-26,127.79,25.11,20.92
2013-09-27,128.97,25.17,20.96
2013-09-30,128.18,25.02,20.9
2013-10-01,124.59,24.41,20.42
2013-10-02,127.06,24.49,20.92
2013-10-03,127.18,24.26,20.92
2013-10-04,126.53,24.19,20.93
2013-10-07,127.64,24.59,21.53
2013-10-08,127.4,23.82,21.49
2013-10-09,126.11,23.92,21.05
2013-10-10,124.27,23.56,20.82
2013-10-11,122.6,23.05,20.52
2013-10-14,122.83,23.11,20.5
2013-10-15,123.73,23.76,20.56
2013-10-16,123.54,23.28,20.5
2013-10-17,127.42,24.5,21.04
2013-10-18,126.85,24.38,21.11
2013-10-21,126.98,24.93,21.41
2013-10-22,129.34,26.02,21.87
2013-10-23,128.69,25.18,21.75
2013-10-24,129.9,26.13,21.87
2013-10-25,130.46,26.32,21.71
2013-10-28,130.56,26.54,21.68
2013-10-29,129.77,25.78,21.69
2013-10-30,129.6,26.22,21.88
2013-10-31,127.74,25.1,21.1
2013-11-01,126.95,24.08,21.08
2013-11-04,126.81,24.81,20.85
2013-11-05,126.56,24.49,20.9
2013-11-06,127.2,24.78,21.0
2013-11-07,126.16,24.14,20.83
2013-11-08,124.28,24.28,20.69
2013-11-11,123.87,24.3,20.6
2013-11-12,122.45,23.78,20.0
2013-11-13,122.85,23.91,19.78
2013-11-14,124.27,24.55,20.05
2013-11-15,124.32,24.13,20.0
2013-11-18,122.9,23.66,19.66
2013-11-19,122.95,23.69,19.61
2013-11-20,120.12,22.85,19.14
2013-11-21,119.94,22.53,19.24
2013-11-22,119.92,22.25,19.13
2013-11-25,120.46,22.2,19.27
2013-11-26,119.82,21.66,19.13
2013-11-27,119.46,21.81,18.96
2013-11-29,120.7,22.28,19.24
2013-12-02,117.58,20.9,18.46
2013-12-03,117.96,20.57,18.42
2013-12-04,119.96,21.22,19.0
2013-12-05,118.3,20.67,18.69
2013-12-06,118.55,20.66,18.76
2013-12-09,119.72,21.21,19.12
2013-12-10,121.82,22.03,19.66
2013-12-11,120.86,21.19,19.55
2013-12-12,118.29,21.01,18.81
2013-12-13,119.38,21.11,18.95
2013-12-16,119.69,21.38,19.22
2013-12-17,118.65,21.19,19.14
2013-12-18,117.61,20.86,19.09
2013-12-19,114.82,20.5,18.49
2013-12-20,115.94,20.53,18.62
2013-12-23,115.57,20.39,18.72
2013-12-24,116.1,21.03,18.76
2013-12-26,116.74,21.05,19.02
2013-12-27,117.12,21.25,19.27
2013-12-30,115.39,20.64,18.85
2013-12-31,116.12,21.13,18.71
2014-01-02,118.0,22.03,19.23
2014-01-03,119.29,21.83,19.42
2014-01-06,119.5,21.93,19.42
2014-01-07,118.82,21.97,19.12
2014-01-08,118.12,21.61,18.83
2014-01-09,118.46,21.27,18.84
2014-01-10,120.26,22.01,19.38
2014-01-13,121.02,22.65,19.68
2014-01-14,119.89,22.1,19.42
2014-01-15,119.66,22.39,19.4
2014-01-16,119.79,22.62,19.35
2014-01-17,120.93,23.33,19.51
2014-01-21,119.7,23.7,19.17
2014-01-22,119.19,23.09,19.03
2014-01-23,121.79,23.72,19.26
2014-01-24,122.29,23.67,19.16
2014-01-27,120.96,22.89,18.89
2014-01-28,120.95,23.4,18.85
2014-01-29,122.47,24.01,19.02
2014-01-30,119.77,23.49,18.49
2014-01-31,120.09,23.48,18.45
2014-02-03,121.32,23.3,18.61
2014-02-04,120.99,23.59,18.75
2014-02-05,121.29,23.21,19.07
2014-02-06,121.24,23.19,19.17
2014-02-07,122.17,23.91,19.27
2014-02-10,122.92,24.7,19.29
2014-02-11,124.36,25.65,19.45
2014-02-12,124.43,24.77,19.43
2014-02-13,125.49,25.87,19.74
2014-02-14,127.15,26.35,20.65
2014-02-18,127.4,26.46,21.13
2014-02-19,126.27,25.63,20.63
2014-02-20,127.6,26.67,21.0
2014-02-21,127.58,26.53,20.97
2014-02-24,128.99,26.7,21.18
2014-02-25,129.21,26.33,21.02
2014-02-26,128.11,26.05,20.42
2014-02-27,128.2,25.97,20.46
2014-02-28,127.62,25.88,20.35
2014-03-03,130.29,26.3,20.62
2014-03-04,128.68,26.1,20.37
2014-03-05,128.89,26.5,20.36
2014-03-06,130.17,26.79,20.66
2014-03-07,129.09,26.18,20.08
2014-03-10,129.13,25.97,20.01
2014-03-11,129.86,26.13,20.04
2014-03-12,131.76,26.92,20.47
2014-03-13,132.21,27.63,20.36
2014-03-14,133.1,27.73,20.62
2014-03-17,131.64,26.8,20.33
2014-03-18,130.62,26.43,20.01
2014-03-19,128.09,25.44,19.79
2014-03-20,127.86,25.47,19.52
2014-03-21,128.47,25.52,19.52
2014-03-24,126.18,24.32,19.21
2014-03-25,126.41,24.48,19.22
2014-03-26,125.41,23.49,19.02
2014-03-27,124.59,23.82,19.0
2014-03-28,124.56,24.1,19.06
2014-03-31,123.61,23.6,19.04
2014-04-01,123.39,23.69,19.06
2014-04-02,124.32,24.32,19.19
2014-04-03,123.92,24.07,19.06
2014-04-04,125.57,24.26,19.16
2014-04-07,124.91,24.26,19.13
2014-04-08,126.09,24.88,19.23
2014-04-09,126.32,25.07,19.11
2014-04-10,127.01,24.57,19.27
2014-04-11,126.93,24.22,19.19
2014-04-14,127.85,24.52,19.21
2014-04-15,125.49,24.02,18.88
2014-04-16,125.54,23.8,18.88
2014-04-17,124.75,23.57,18.88
2014-04-21,124.24,23.51,18.67
2014-04-22,123.78,23.79,18.71
2014-04-23,123.76,24.27,18.69
2014-04-24,124.56,23.94,18.92
2014-04-25,125.43,24.46,18.94
2014-04-28,124.88,23.99,18.85
2014-04-29,124.86,24.31,18.76
2014-04-30,124.22,24.11,18.46
2014-05-01,123.8,23.79,18.35
2014-05-02,125.06,24.32,18.69
2014-05-05,126.22,24.41,18.84
2014-05-06,125.98,24.28,18.8
2014-05-07,124.17,23.81,18.57
2014-05-08,124.17,23.77,18.44
2014-05-09,124.1,23.73,18.42
2014-05-12,124.94,23.93,18.78
2014-05-13,124.6,23.75,18.77
2014-05-14,125.81,24.01,19.0
2014-05-15,124.77,23.62,18.74
2014-05-16,124.5,23.42,18.61
2014-05-19,124.58,23.41,18.63
2014-05-20,124.69,23.39,18.65
2014-05-21,124.39,23.45,18.64
2014-05-22,124.67,23.39,18.73
2014-05-23,124.51,23.31,18.66
2014-05-27,121.85,22.41,18.36
2014-05-28,121.2,22.04,18.28
2014-05-29,120.94,22.24,18.3
2014-05-30,120.43,22.5,18.08
2014-06-02,119.7,22.29,18.02
2014-06-03,120.01,22.37,18.1
2014-06-04,119.76,22.28,18.06
2014-06-05,120.66,22.65,18.26
2014-06-06,120.61,22.64,18.28
2014-06-09,120.65,22.55,18.32
2014-06-10,121.39,23.03,18.46
2014-06-11,121.41,23.41,18.46
2014-06-12,122.64,24.03,18.76
2014-06-13,122.96,24.11,18.92
2014-06-16,122.42,23.98,18.85
2014-06-17,122.28,24.12,18.94
2014-06-18,122.67,24.76,19.05
2014-06-19,126.94,26.09,19.92
2014-06-20,126.5,25.82,20.03
2014-06-23,126.85,26.27,20.05
2014-06-24,126.98,25.47,20.08
2014-06-25,126.99,25.76,20.19
2014-06-26,126.73,25.95,20.24
2014-06-27,126.66,25.98,20.17
2014-06-30,128.04,26.45,20.25
2014-07-01,127.7,26.24,20.21
2014-07-02,127.7,26.48,20.3
2014-07-03,127.16,26.5,20.29
2014-07-07,127.02,26.04,20.17
2014-07-08,127.07,26.46,20.21
2014-07-09,127.84,27.15,20.27
2014-07-10,128.54,26.61,20.52
2014-07-11,128.78,27.32,20.57
2014-07-14,125.72,26.6,20.1
2014-07-15,124.53,25.78,19.88
2014-07-16,124.97,26.28,19.91
2014-07-17,127.09,26.99,20.29
2014-07-18,126.13,26.94,20.02
2014-07-21,126.34,26.9,20.1
2014-07-22,125.74,26.59,20.1
2014-07-23,125.62,26.49,20.08
2014-07-24,124.35,26.08,19.58
2014-07-25,125.79,26.82,19.87
2014-07-28,125.58,26.99,19.81
2014-07-29,125.2,26.76,19.78
2014-07-30,124.83,26.47,19.78
2014-07-31,123.39,25.91,19.58
2014-08-01,124.38,26.2,19.52
2014-08-04,123.99,25.95,19.4
2014-08-05,123.87,26.1,19.05
2014-08-06,125.67,26.69,19.23
2014-08-07,126.18,26.76,19.17
2014-08-08,126.19,26.78,19.19
2014-08-11,125.96,26.97,19.23
2014-08-12,125.99,27.43,19.17
2014-08-13,126.2,27.4,19.04
2014-08-14,126.31,27.13,19.1
2014-08-15,125.48,26.82,18.86
2014-08-18,124.96,26.99,18.87
2014-08-19,124.68,26.69,18.7
2014-08-20,124.22,26.66,18.72
2014-08-21,122.88,26.07,18.69
2014-08-22,123.19,26.1,18.69
2014-08-25,122.74,25.62,18.6
2014-08-26,123.35,26.19,18.63
2014-08-27,123.32,26.11,18.66
2014-08-28,124.0,26.46,18.74
2014-08-29,123.86,26.69,18.71
2014-09-02,121.65,25.81,18.41
2014-09-03,122.15,25.78,18.43
2014-09-04,121.48,24.88,18.32
2014-09-05,122.06,25.07,18.42
2014-09-08,120.73,24.19,18.26
2014-09-09,120.87,24.56,18.31
2014-09-10,120.26,24.1,18.24
2014-09-11,119.47,24.27,17.96
2014-09-12,118.38,23.88,17.89
2014-09-15,118.64,23.91,17.92
2014-09-16,118.83,24.0,17.95
2014-09-17,117.54,23.43,17.77
2014-09-18,117.78,23.13,17.77
2014-09-19,117.09,22.66,17.19
2014-09-22,116.85,22.18,17.08
2014-09-23,117.6,22.54,17.07
2014-09-24,117.05,22.21,16.99
2014-09-25,117.39,22.35,16.83
2014-09-26,117.06,21.98,16.9
2014-09-29,117.03,21.75,16.78
2014-09-30,116.21,21.36,16.35
2014-10-01,116.77,21.4,16.48
2014-10-02,116.74,21.62,16.41
2014-10-03,114.61,20.63,16.12
2014-10-06,116.03,21.16,16.6
2014-10-07,116.36,20.42,16.48
2014-10-08,117.47,21.94,16.68
2014-10-09,117.64,21.22,16.62
2014-10-10,117.59,20.77,16.64
2014-10-13,118.52,21.12,16.73
2014-10-14,118.59,21.37,16.68
2014-10-15,118.99,21.45,16.71
2014-10-16,119.22,21.36,16.67
2014-10-17,118.99,20.69,16.58
2014-10-20,119.8,21.2,16.73
2014-10-21,120.02,21.1,16.81
2014-10-22,119.34,20.44,16.46
2014-10-23,118.52,20.56,16.5
2014-10-24,118.35,20.47,16.5
2014-10-27,118.06,20.11,16.42
2014-10-28,118.1,20.53,16.49
2014-10-29,116.41,19.64,16.38
2014-10-30,115.19,18.2,15.82
2014-10-31,112.66,17.21,15.5
2014-11-03,112.15,17.91,15.48
2014-11-04,112.22,17.21,15.36
2014-11-05,109.79,16.59,14.66
2014-11-06,109.88,17.21,14.82
2014-11-07,112.97,18.64,15.1
2014-11-10,110.46,17.45,14.92
2014-11-11,112.04,18.22,15.11
2014-11-12,111.5,18.24,15.03
2014-11-13,111.67,17.94,14.97
2014-11-14,114.47,19.02,15.63
2014-11-17,114.05,19.39,15.5
2014-11-18,115.05,20.3,15.55
2014-11-19,113.68,19.19,15.48
2014-11-20,114.86,19.71,15.6
2014-11-21,115.39,19.88,15.79
2014-11-24,115.11,19.59,15.78
2014-11-25,115.38,20.39,15.98
2014-11-26,115.16,20.1,15.87
2014-11-28,112.11,18.36,14.83
2014-12-01,116.58,19.72,15.78
2014-12-02,115.14,19.2,15.75
2014-12-03,116.33,19.25,15.73
2014-12-04,115.88,19.2,15.77
2014-12-05,114.43,18.75,15.61
2014-12-08,115.78,18.89,15.71
2014-12-09,118.19,19.77,16.32
2014-12-10,117.96,19.21,16.37
2014-12-11,117.69,19.0,16.33
2014-12-12,117.41,18.65,16.3
2014-12-15,114.39,17.34,15.47
2014-12-16,114.95,17.1,15.08
2014-12-17,114.27,17.98,15.1
2014-12-18,115.15,18.76,15.25
2014-12-19,114.77,18.53,15.39
2014-12-22,112.55,17.46,14.99
2014-12-23,112.74,17.3,15.04
2014-12-24,112.77,17.77,15.09
2014-12-26,114.83,18.24,15.35
2014-12-29,113.67,17.82,15.11
2014-12-30,115.2,18.45,15.58
2014-12-31,113.58,18.38,15.06
2015-01-02,114.08,18.94,15.11
2015-01-05,115.8,19.44,15.5
2015-01-06,117.12,20.47,15.83
2015-01-07,116.43,20.09,15.85
2015-01-08,115.94,19.79,15.64
2015-01-09,117.26,20.71,15.77
2015-01-12,118.56,21.49,15.87
2015-01-13,118.16,20.55,16.29
2015-01-14,117.97,20.31,16.13
2015-01-15,120.94,21.48,16.15
2015-01-16,122.52,22.16,16.95
2015-01-20,124.2,22.94,17.18
2015-01-21,124.23,22.54,17.37
2015-01-22,125.23,22.42,17.61
2015-01-23,124.23,21.74,17.51
2015-01-26,122.99,22.15,17.13
2015-01-27,124.4,22.88,17.33
2015-01-28,123.42,21.97,17.23
2015-01-29,120.76,21.59,16.24
2015-01-30,123.45,22.29,16.54
2015-02-02,122.42,22.45,16.47
2015-02-03,121.05,21.87,16.55
2015-02-04,121.58,22.27,16.63
2015-02-05,121.79,22.58,16.58
2015-02-06,118.64,21.33,16.03
2015-02-09,119.17,21.69,16.32
2015-02-10,118.47,21.28,16.19
2015-02-11,117.07,20.86,16.08
2015-02-12,117.34,21.15,16.15
2015-02-13,117.98,21.26,16.54
2015-02-17,116.01,20.57,15.83
2015-02-18,116.34,21.04,15.75
2015-02-19,115.94,20.54,15.7
2015-02-20,115.28,20.45,15.54
2015-02-23,115.43,20.54,15.63
2015-02-24,115.26,20.42,15.56
2015-02-25,115.7,20.79,15.83
2015-02-26,116.07,20.96,15.84
2015-02-27,116.16,21.28,15.87
2015-03-02,115.68,20.76,15.66
2015-03-03,115.47,20.38,15.58
2015-03-04,115.11,20.04,15.49
2015-03-05,115.0,20.08,15.53
2015-03-06,111.86,18.58,15.19
2015-03-09,111.97,17.91,15.1
2015-03-10,111.42,17.67,15.02
2015-03-11,110.75,18.2,14.84
2015-03-12,110.72,18.07,14.92
2015-03-13,110.88,18.07,14.9
2015-03-16,110.81,18.11,14.99
2015-03-17,110.21,17.93,14.9
2015-03-18,112.37,18.84,15.36
2015-03-19,112.29,18.71,15.44
2015-03-20,113.57,19.33,16.0
2015-03-23,114.29,19.75,16.3
2015-03-24,114.57,19.64,16.28
2015-03-25,114.73,19.36,16.24
2015-03-26,115.48,19.07,16.3
2015-03-27,115.06,18.84,16.22
2015-03-30,113.75,18.47,15.98
2015-03-31,113.66,18.24,15.93
2015-04-01,115.6,19.21,16.23
2015-04-02,115.28,18.99,16.02
2015-04-06,116.69,19.7,16.27
2015-04-07,116.11,19.19,16.15
2015-04-08,115.47,19.09,15.81
2015-04-09,114.67,18.91,15.51
2015-04-10,115.97,19.45,15.77
2015-04-13,115.14,19.26,15.6
2015-04-14,114.44,19.41,15.51
2015-04-15,115.43,19.98,15.63
2015-04-16,115.03,19.74,15.57
2015-04-17,115.6,19.72,15.56
2015-04-20,114.72,19.83,15.29
2015-04-21,115.38,19.97,15.32
2015-04-22,113.83,19.31,15.11
2015-04-23,114.66,19.78,15.21
2015-04-24,113.05,19.36,15.06
2015-04-27,115.33,19.76,15.66
2015-04-28,116.33,20.53,15.87
2015-04-29,115.51,20.72,15.81
2015-04-30,113.47,20.11,15.43
2015-05-01,113.08,20.27,15.47
2015-05-04,114.1,20.41,15.7
2015-05-05,114.42,20.22,15.81
2015-05-06,114.36,19.71,15.77
2015-05-07,113.42,19.83,15.6
2015-05-08,113.97,19.97,15.76
2015-05-11,113.53,20.02,15.57
2015-05-12,114.5,20.29,15.81
2015-05-13,116.55,20.78,16.35
2015-05-14,117.18,20.82,16.65
2015-05-15,117.53,20.72,16.75
2015-05-18,117.52,20.75,16.89
2015-05-19,115.89,20.0,16.38
2015-05-20,116.08,20.08,16.37
2015-05-21,115.69,19.94,16.39
2015-05-22,115.6,19.83,16.34
2015-05-26,113.91,19.24,16.02
2015-05-27,113.89,19.44,15.96
2015-05-28,114.02,19.6,15.97
2015-05-29,114.1,19.58,15.99
2015-06-01,114.0,19.49,16.0
2015-06-02,114.46,19.78,16.07
2015-06-03,113.64,19.41,15.83
2015-06-04,112.84,19.07,15.48
2015-06-05,112.24,18.83,15.39
2015-06-08,112.57,19.02,15.32
2015-06-09,112.82,18.78,15.29
2015-06-10,113.78,18.96,15.32
2015-06-11,113.26,18.74,15.33
2015-06-12,113.23,18.55,15.25
2015-06-15,113.73,18.59,15.4
2015-06-16,113.32,18.33,15.32
2015-06-17,113.85,18.86,15.45
2015-06-18,115.32,19.1,15.46
2015-06-19,115.12,18.64,15.42
2015-06-22,113.64,18.33,15.49
2015-06-23,112.89,18.38,15.14
2015-06-24,112.59,18.36,15.19
2015-06-25,112.44,18.17,15.17
2015-06-26,112.56,18.09,15.11
2015-06-29,113.07,17.9,15.03
2015-06-30,112.37,17.76,15.03
2015-07-01,111.98,17.28,14.9
2015-07-02,111.76,17.63,14.95
2015-07-06,112.06,17.85,14.99
2015-07-07,110.76,16.98,14.43
2015-07-08,111.09,16.86,14.46
2015-07-09,111.36,16.93,14.76
2015-07-10,111.49,16.75,14.88
2015-07-13,110.99,16.8,14.81
2015-07-14,110.74,16.69,14.69
2015-07-15,110.16,16.31,14.43
2015-07-16,109.76,16.15,14.35
2015-07-17,108.65,15.42,14.23
2015-07-20,105.7,13.76,14.05
2015-07-21,105.37,14.12,14.14
2015-07-22,104.8,14.08,14.14
2015-07-23,104.33,13.62,14.0
2015-07-24,105.35,14.08,14.02
2015-07-27,104.86,13.57,13.92
2015-07-28,105.02,13.69,14.02
2015-07-29,105.17,13.97,14.15
2015-07-30,104.27,13.46,14.09
2015-07-31,104.93,13.75,14.08
2015-08-03,104.1,13.27,13.87
2015-08-04,104.31,13.29,13.92
2015-08-05,103.93,13.09,13.95
2015-08-06,104.39,13.37,13.99
2015-08-07,104.65,13.4,14.11
2015-08-10,105.72,14.29,14.54
2015-08-11,106.26,14.52,14.64
2015-08-12,107.75,15.52,14.82
2015-08-13,106.86,14.64,14.71
2015-08-14,106.85,14.49,14.55
2015-08-17,107.13,15.04,14.63
2015-08-18,107.11,14.77,14.22
2015-08-19,108.55,15.2,14.57
2015-08-20,110.44,15.81,14.78
2015-08-21,111.13,15.39,14.61
2015-08-24,110.53,14.14,14.13
2015-08-25,109.16,13.69,13.99
2015-08-26,107.67,13.04,13.56
2015-08-27,107.73,13.79,13.8
2015-08-28,108.7,14.25,13.92
2015-08-31,108.82,14.11,13.99
2015-09-01,109.2,13.67,13.94
2015-09-02,108.62,13.63,14.02
2015-09-03,107.84,13.38,14.02
2015-09-04,107.49,13.41,13.92
2015-09-08,107.52,13.55,14.12
2015-09-09,106.13,13.13,13.93
2015-09-10,106.38,13.12,13.99
2015-09-11,106.16,13.21,13.95
2015-09-14,106.22,13.07,13.79
2015-09-15,105.9,13.11,13.77
2015-09-16,107.31,13.89,14.22
2015-09-17,108.41,14.27,14.42
2015-09-18,109.21,14.48,14.47
2015-09-21,108.53,14.0,14.49
2015-09-22,107.79,13.36,14.14
2015-09-23,108.22,13.26,14.12
2015-09-24,110.49,14.22,14.44
2015-09-25,109.81,13.99,14.4
2015-09-28,108.42,13.32,13.94
2015-09-29,107.98,13.41,13.97
2015-09-30,106.86,13.74,13.87
2015-10-01,106.73,13.41,13.9
2015-10-02,108.99,14.49,14.55
2015-10-05,108.77,15.12,14.89
2015-10-06,109.86,15.68,15.07
2015-10-07,109.7,15.61,15.29
2015-10-08,109.14,15.41,14.99
2015-10-09,110.87,16.26,15.12
2015-10-12,111.31,15.78,15.13
2015-10-13,111.86,15.87,15.16
2015-10-14,113.81,16.9,15.42
2015-10-15,113.31,16.9,15.4
2015-10-16,112.49,16.39,15.28
2015-10-19,112.02,15.7,15.11
2015-10-20,112.73,16.33,15.19
2015-10-21,111.73,15.86,14.99
2015-10-22,111.69,16.12,15.11
2015-10-23,111.5,16.52,15.12
2015-10-26,111.43,16.01,15.11
2015-10-27,111.68,16.04,15.13
2015-10-28,110.78,15.86,15.26
2015-10-29,109.72,15.12,14.88
2015-10-30,109.3,14.96,14.8
2015-11-02,108.59,15.02,14.72
2015-11-03,106.98,14.94,14.58
2015-11-04,105.97,14.62,14.38
2015-11-05,105.64,14.08,14.3
2015-11-06,104.1,13.46,14.08
2015-11-09,104.4,13.83,13.89
2015-11-10,104.18,13.47,13.76
2015-11-11,103.83,13.66,13.63
2015-11-12,103.85,13.47,13.64
2015-11-13,103.56,13.62,13.59
2015-11-16,103.71,13.74,13.6
2015-11-17,102.34,13.08,13.55
2015-11-18,102.43,13.49,13.52
2015-11-19,103.56,13.97,13.62
2015-11-20,103.09,13.4,13.5
2015-11-23,102.26,13.33,13.45
2015-11-24,102.94,13.84,13.51
2015-11-25,102.46,13.71,13.52
2015-11-27,101.25,13.45,13.46
2015-11-30,101.92,13.76,13.44
2015-12-01,102.28,14.16,13.51
2015-12-02,100.69,13.79,13.37
2015-12-03,101.76,14.08,13.46
2015-12-04,104.02,14.83,13.87
2015-12-07,102.67,14.2,13.62
2015-12-08,102.84,14.08,13.51
2015-12-09,102.64,14.27,13.49
2015-12-10,102.55,14.21,13.45
2015-12-11,103.11,14.38,13.3
2015-12-14,101.79,13.56,13.06
2015-12-15,101.52,13.63,13.11
2015-12-16,102.75,14.17,13.49
2015-12-17,100.5,13.34,13.08
2015-12-18,102.04,13.64,13.42
2015-12-21,103.15,13.76,13.59
2015-12-22,102.61,13.68,13.59
2015-12-23,102.31,13.96,13.62
2015-12-24,103.05,14.27,13.69
2015-12-28,102.27,13.79,13.29
2015-12-29,102.2,13.95,13.27
2015-12-30,101.42,13.66,13.21
2015-12-31,101.46,13.72,13.19
2016-01-04,102.89,14.09,13.19
2016-01-05,103.18,14.02,13.31
2016-01-06,104.67,14.25,13.36
2016-01-07,106.15,14.88,13.62
2016-01-08,105.68,14.52,13.3
2016-01-11,104.74,13.92,13.22
2016-01-12,104.21,13.61,13.17
2016-01-13,104.72,13.61,13.49
2016-01-14,103.02,13.13,13.19
2016-01-15,104.08,13.08,13.24
2016-01-19,103.98,12.47,13.36
2016-01-20,105.37,12.85,13.48
2016-01-21,105.49,12.91,13.46
2016-01-22,105.0,13.03,13.38
2016-01-25,106.08,13.38,13.58
2016-01-26,107.29,13.97,13.82
2016-01-27,107.69,14.2,13.81
2016-01-28,106.54,13.86,13.57
2016-01-29,106.95,14.21,13.59
2016-02-01,108.05,14.65,13.67
2016-02-02,108.09,14.3,13.62
2016-02-03,109.25,15.35,13.95
2016-02-04,110.57,16.15,14.17
2016-02-05,112.32,17.05,14.34
2016-02-08,113.83,17.47,14.59
2016-02-09,113.58,16.75,14.51
2016-02-10,114.46,17.14,14.55
2016-02-11,119.06,18.37,14.95
2016-02-12,118.36,18.84,14.99
2016-02-16,114.77,17.21,14.51
2016-02-17,115.48,17.82,14.54
2016-02-18,118.29,18.9,14.76
2016-02-19,117.58,18.38,14.64
2016-02-22,115.49,18.53,14.43
2016-02-23,117.22,18.92,14.54
2016-02-24,117.61,19.11,14.52
2016-02-25,117.92,19.39,14.41
2016-02-26,117.11,18.69,14.02
2016-02-29,118.64,19.38,14.2
2016-03-01,117.77,18.57,14.17
2016-03-02,118.68,19.05,14.25
2016-03-03,120.73,19.82,14.5
2016-03-04,120.54,19.71,14.76
2016-03-07,121.14,20.4,14.9
2016-03-08,120.58,19.42,14.62
2016-03-09,119.58,19.51,14.53
2016-03-10,121.5,20.38,14.82
2016-03-11,119.41,19.98,14.72
2016-03-14,117.87,19.12,14.58
2016-03-15,117.96,19.53,14.54
2016-03-16,120.59,20.86,14.87
2016-03-17,120.13,20.43,15.16
2016-03-18,119.8,20.61,15.03
2016-03-21,118.96,20.57,15.06
2016-03-22,119.31,20.58,15.12
2016-03-23,116.61,19.03,14.51
2016-03-24,116.33,19.46,14.43
2016-03-28,116.6,19.42,14.46
2016-03-29,118.76,20.54,14.6
2016-03-30,117.1,20.23,14.49
2016-03-31,117.64,19.97,14.68
2016-04-01,116.93,20.12,14.34
2016-04-04,116.15,19.53,14.2
2016-04-05,117.66,20.13,14.42
2016-04-06,116.94,20.15,14.34
2016-04-07,118.61,20.78,14.48
2016-04-08,118.43,21.44,14.62
2016-04-11,120.03,22.7,15.14
2016-04-12,120.05,22.88,15.41
2016-04-13,118.77,22.25,15.44
2016-04-14,117.11,21.6,15.34
2016-04-15,117.92,22.2,15.46
2016-04-18,117.74,22.18,15.42
2016-04-19,119.58,23.26,16.12
2016-04-20,118.97,22.84,16.14
2016-04-21,119.43,23.25,16.21
2016-04-22,117.89,22.59,16.14
2016-04-25,118.23,22.46,16.17
2016-04-26,118.7,22.99,16.29
2016-04-27,119.04,23.24,16.38
2016-04-28,121.29,24.28,16.77
2016-04-29,123.65,25.83,16.98
2016-05-02,123.24,25.39,16.64
2016-05-03,122.96,24.66,16.57
2016-05-04,122.21,23.41,16.49
2016-05-05,122.07,24.18,16.51
2016-05-06,123.18,25.13,16.63
2016-05-09,120.65,23.52,16.12
2016-05-10,120.98,24.4,16.28
2016-05-11,122.12,25.05,16.56
2016-05-12,121.16,24.55,16.22
2016-05-13,121.71,24.79,16.28
2016-05-16,121.8,25.24,16.32
2016-05-17,122.22,25.58,16.41
2016-05-18,120.1,23.56,16.0
2016-05-19,119.87,23.96,15.67
2016-05-20,119.71,24.05,15.69
2016-05-23,119.37,23.78,15.59
2016-05-24,117.3,22.47,15.42
2016-05-25,116.98,23.03,15.5
2016-05-26,116.58,22.95,15.53
2016-05-27,115.62,22.28,15.39
2016-05-31,116.06,22.58,15.19
2016-06-01,115.94,22.72,15.17
2016-06-02,115.67,22.77,15.22
2016-06-03,118.88,25.33,15.61
2016-06-06,118.92,25.45,15.68
2016-06-07,118.82,25.11,15.6
2016-06-08,120.58,25.93,16.21
2016-06-09,121.25,26.33,16.47
2016-06-10,121.74,25.96,16.49
2016-06-13,122.64,25.91,16.58
2016-06-14,122.77,25.34,16.54
2016-06-15,123.68,26.32,16.69
2016-06-16,122.38,25.48,16.31
2016-06-17,123.95,25.79,16.6
2016-06-20,123.21,25.64,16.65
2016-06-21,120.84,24.93,16.38
2016-06-22,120.9,25.5,16.42
2016-06-23,120.11,25.22,16.49
2016-06-24,126.01,26.71,16.89
2016-06-27,126.68,27.06,16.87
2016-06-28,125.32,26.6,16.91
2016-06-29,125.84,27.15,17.37
2016-06-30,126.47,27.71,17.86
2016-07-01,128.41,29.05,18.74
2016-07-05,129.47,29.64,18.98
2016-07-06,130.23,30.57,19.1
2016-07-07,129.74,29.61,18.71
2016-07-08,130.52,30.54,19.22
2016-07-11,129.29,30.6,19.3
2016-07-12,127.15,29.4,19.09
2016-07-13,128.32,30.37,19.39
2016-07-14,127.33,30.21,19.25
2016-07-15,126.84,29.87,19.08
2016-07-18,127.04,29.98,19.1
2016-07-19,127.21,29.67,18.92
2016-07-20,125.39,27.99,18.42
2016-07-21,127.3,28.87,18.88
2016-07-22,126.35,28.78,18.67
2016-07-25,125.47,27.73,18.54
2016-07-26,126.0,28.5,18.66
2016-07-27,128.03,29.8,19.37
2016-07-28,127.66,29.75,19.21
2016-07-29,128.98,30.59,19.35
2016-08-01,129.22,30.93,19.43
2016-08-02,130.27,31.32,19.6
2016-08-03,129.65,30.94,19.38
2016-08-04,129.87,31.23,19.35
2016-08-05,127.55,30.23,18.71
2016-08-08,127.44,30.5,18.74
2016-08-09,127.96,30.76,18.87
2016-08-10,128.56,31.3,19.16
2016-08-11,127.67,31.04,18.96
2016-08-12,127.4,31.05,18.72
2016-08-15,127.84,30.86,18.83
2016-08-16,128.47,30.81,18.82
2016-08-17,128.5,30.37,18.68
2016-08-18,129.11,30.75,18.77
2016-08-19,127.97,29.96,18.35
2016-08-22,127.78,29.46,17.97
2016-08-23,127.76,29.02,17.93
2016-08-24,126.34,26.97,17.62
2016-08-25,126.23,27.31,17.63
2016-08-26,126.05,27.18,17.72
2016-08-29,126.3,27.24,17.9
2016-08-30,125.03,25.9,17.67
2016-08-31,124.78,25.49,17.72
2016-09-01,125.29,26.42,17.94
2016-09-02,126.57,27.35,18.44
2016-09-06,128.71,28.68,19.05
2016-09-07,128.27,28.52,18.78
2016-09-08,127.59,27.9,18.62
2016-09-09,126.75,26.41,18.11
2016-09-12,126.59,27.04,18.17
2016-09-13,125.75,26.06,17.93
2016-09-14,126.18,26.01,18.02
2016-09-15,125.37,26.18,18.04
2016-09-16,125.06,25.96,17.86
2016-09-19,125.32,26.09,18.2
2016-09-20,125.44,26.06,18.27
2016-09-21,127.27,27.9,18.85
2016-09-22,127.57,27.74,18.9
2016-09-23,127.65,27.02,18.68
2016-09-26,127.55,26.78,18.41
2016-09-27,126.62,26.28,18.17
2016-09-28,126.22,26.91,18.21
2016-09-29,126.07,26.69,18.11
2016-09-30,125.64,26.43,18.2
2016-10-03,125.32,25.96,17.87
2016-10-04,120.97,23.4,16.94
2016-10-05,120.78,23.58,16.85
2016-10-06,119.66,22.84,16.44
2016-10-07,119.74,23.0,16.6
2016-10-10,120.16,23.16,16.73
2016-10-11,119.55,22.58,16.56
2016-10-12,119.74,23.07,16.65
2016-10-13,120.03,23.49,16.61
2016-10-14,119.36,22.99,16.56
2016-10-17,119.68,23.34,16.57
2016-10-18,120.42,24.2,16.72
2016-10-19,121.11,24.87,16.79
2016-10-20,120.74,24.81,16.64
2016-10-21,120.83,24.62,16.65
2016-10-24,120.56,24.09,16.7
2016-10-25,121.47,24.65,16.86
2016-10-26,120.79,24.13,16.71
2016-10-27,121.01,23.73,16.73
2016-10-28,121.58,23.81,16.87
2016-10-31,121.94,24.52,16.97
2016-11-01,122.73,25.13,17.41
2016-11-02,123.64,24.76,17.56
2016-11-03,124.3,25.3,17.42
2016-11-04,124.39,25.07,17.46
2016-11-07,122.15,24.08,17.29
2016-11-08,121.64,23.96,17.4
2016-11-09,121.56,24.59,17.45
2016-11-10,119.75,22.75,17.56
2016-11-11,117.1,20.92,16.47
2016-11-14,116.11,21.12,16.0
2016-11-15,117.12,22.02,16.19
2016-11-16,116.77,21.84,16.09
2016-11-17,116.17,21.3,15.84
2016-11-18,115.15,21.05,15.73
2016-11-21,115.58,21.48,15.72
2016-11-22,115.54,21.56,15.8
2016-11-23,113.25,20.5,15.52
2016-11-25,112.61,20.61,15.63
2016-11-28,113.8,21.4,15.77
2016-11-29,113.27,21.23,15.78
2016-11-30,111.75,20.83,15.66
2016-12-01,111.54,20.66,15.66
2016-12-02,112.14,21.37,15.83
2016-12-05,111.54,21.33,15.88
2016-12-06,111.43,21.2,15.85
2016-12-07,111.83,21.44,16.23
2016-12-08,111.57,21.46,16.14
2016-12-09,110.4,20.67,15.97
2016-12-12,110.82,20.75,16.19
2016-12-13,110.45,21.04,16.04
2016-12-14,108.83,19.89,15.93
2016-12-15,107.34,18.99,15.18
2016-12-16,108.05,19.08,15.27
2016-12-19,108.59,19.08,15.17
2016-12-20,107.79,19.13,15.24
2016-12-21,107.85,19.09,15.12
2016-12-22,107.59,19.07,14.98
2016-12-23,107.93,19.34,14.91
2016-12-27,108.56,19.87,15.13
2016-12-28,108.86,20.24,15.2
2016-12-29,110.29,21.75,15.32
2016-12-30,109.61,20.92,15.11
